path,label
dataset/train/jackson_0.wav,3
dataset/train/jackson_1.wav,3
dataset/train/jackson_2.wav,3
dataset/train/jackson_3.wav,3
dataset/train/jackson_4.wav,3
dataset/train/jackson_5.wav,3
dataset/train/jackson_6.wav,3
dataset/train/jackson_7.wav,3
dataset/train/jackson_8.wav,3
dataset/train/jackson_9.wav,3
dataset/train/jackson_10.wav,3
dataset/train/jackson_11.wav,3
dataset/train/jackson_12.wav,3
dataset/train/jackson_13.wav,3
dataset/train/jackson_14.wav,3
dataset/train/jackson_15.wav,3
dataset/train/jackson_16.wav,3
dataset/train/jackson_17.wav,3
dataset/train/jackson_18.wav,3
dataset/train/jackson_19.wav,3
dataset/train/jackson_20.wav,3
dataset/train/jackson_21.wav,3
dataset/train/jackson_22.wav,3
dataset/train/jackson_23.wav,3
dataset/train/jackson_24.wav,3
dataset/train/jackson_25.wav,3
dataset/train/jackson_26.wav,3
dataset/train/jackson_27.wav,3
dataset/train/jackson_28.wav,3
dataset/train/jackson_29.wav,3
dataset/train/jackson_30.wav,3
dataset/train/jackson_31.wav,3
dataset/train/jackson_32.wav,3
dataset/train/jackson_33.wav,3
dataset/train/jackson_34.wav,3
dataset/train/jackson_35.wav,3
dataset/train/jackson_36.wav,3
dataset/train/jackson_37.wav,3
dataset/train/jackson_38.wav,3
dataset/train/jackson_39.wav,3
dataset/train/jackson_40.wav,3
dataset/train/jackson_41.wav,3
dataset/train/jackson_42.wav,3
dataset/train/jackson_43.wav,3
dataset/train/jackson_44.wav,3
dataset/train/jackson_45.wav,8
dataset/train/jackson_46.wav,8
dataset/train/jackson_47.wav,8
dataset/train/jackson_48.wav,8
dataset/train/jackson_49.wav,8
dataset/train/jackson_50.wav,8
dataset/train/jackson_51.wav,8
dataset/train/jackson_52.wav,8
dataset/train/jackson_53.wav,8
dataset/train/jackson_54.wav,8
dataset/train/jackson_55.wav,8
dataset/train/jackson_56.wav,8
dataset/train/jackson_57.wav,8
dataset/train/jackson_58.wav,8
dataset/train/jackson_59.wav,8
dataset/train/jackson_60.wav,8
dataset/train/jackson_61.wav,8
dataset/train/jackson_62.wav,8
dataset/train/jackson_63.wav,8
dataset/train/jackson_64.wav,8
dataset/train/jackson_65.wav,8
dataset/train/jackson_66.wav,8
dataset/train/jackson_67.wav,8
dataset/train/jackson_68.wav,8
dataset/train/jackson_69.wav,8
dataset/train/jackson_70.wav,8
dataset/train/jackson_71.wav,8
dataset/train/jackson_72.wav,8
dataset/train/jackson_73.wav,8
dataset/train/jackson_74.wav,8
dataset/train/jackson_75.wav,8
dataset/train/jackson_76.wav,8
dataset/train/jackson_77.wav,8
dataset/train/jackson_78.wav,8
dataset/train/jackson_79.wav,8
dataset/train/jackson_80.wav,8
dataset/train/jackson_81.wav,8
dataset/train/jackson_82.wav,8
dataset/train/jackson_83.wav,8
dataset/train/jackson_84.wav,8
dataset/train/jackson_85.wav,8
dataset/train/jackson_86.wav,8
dataset/train/jackson_87.wav,8
dataset/train/jackson_88.wav,8
dataset/train/jackson_89.wav,8
dataset/train/jackson_90.wav,6
dataset/train/jackson_91.wav,6
dataset/train/jackson_92.wav,6
dataset/train/jackson_93.wav,6
dataset/train/jackson_94.wav,6
dataset/train/jackson_95.wav,6
dataset/train/jackson_96.wav,6
dataset/train/jackson_97.wav,6
dataset/train/jackson_98.wav,6
dataset/train/jackson_99.wav,6
dataset/train/jackson_100.wav,6
dataset/train/jackson_101.wav,6
dataset/train/jackson_102.wav,6
dataset/train/jackson_103.wav,6
dataset/train/jackson_104.wav,6
dataset/train/jackson_105.wav,6
dataset/train/jackson_106.wav,6
dataset/train/jackson_107.wav,6
dataset/train/jackson_108.wav,6
dataset/train/jackson_109.wav,6
dataset/train/jackson_110.wav,6
dataset/train/jackson_111.wav,6
dataset/train/jackson_112.wav,6
dataset/train/jackson_113.wav,6
dataset/train/jackson_114.wav,6
dataset/train/jackson_115.wav,6
dataset/train/jackson_116.wav,6
dataset/train/jackson_117.wav,6
dataset/train/jackson_118.wav,6
dataset/train/jackson_119.wav,6
dataset/train/jackson_120.wav,6
dataset/train/jackson_121.wav,6
dataset/train/jackson_122.wav,6
dataset/train/jackson_123.wav,6
dataset/train/jackson_124.wav,6
dataset/train/jackson_125.wav,6
dataset/train/jackson_126.wav,6
dataset/train/jackson_127.wav,6
dataset/train/jackson_128.wav,6
dataset/train/jackson_129.wav,6
dataset/train/jackson_130.wav,6
dataset/train/jackson_131.wav,6
dataset/train/jackson_132.wav,6
dataset/train/jackson_133.wav,6
dataset/train/jackson_134.wav,6
dataset/train/jackson_135.wav,7
dataset/train/jackson_136.wav,7
dataset/train/jackson_137.wav,7
dataset/train/jackson_138.wav,7
dataset/train/jackson_139.wav,7
dataset/train/jackson_140.wav,7
dataset/train/jackson_141.wav,7
dataset/train/jackson_142.wav,7
dataset/train/jackson_143.wav,7
dataset/train/jackson_144.wav,7
dataset/train/jackson_145.wav,7
dataset/train/jackson_146.wav,7
dataset/train/jackson_147.wav,7
dataset/train/jackson_148.wav,7
dataset/train/jackson_149.wav,7
dataset/train/jackson_150.wav,7
dataset/train/jackson_151.wav,7
dataset/train/jackson_152.wav,7
dataset/train/jackson_153.wav,7
dataset/train/jackson_154.wav,7
dataset/train/jackson_155.wav,7
dataset/train/jackson_156.wav,7
dataset/train/jackson_157.wav,7
dataset/train/jackson_158.wav,7
dataset/train/jackson_159.wav,7
dataset/train/jackson_160.wav,7
dataset/train/jackson_161.wav,7
dataset/train/jackson_162.wav,7
dataset/train/jackson_163.wav,7
dataset/train/jackson_164.wav,7
dataset/train/jackson_165.wav,7
dataset/train/jackson_166.wav,7
dataset/train/jackson_167.wav,7
dataset/train/jackson_168.wav,7
dataset/train/jackson_169.wav,7
dataset/train/jackson_170.wav,7
dataset/train/jackson_171.wav,7
dataset/train/jackson_172.wav,7
dataset/train/jackson_173.wav,7
dataset/train/jackson_174.wav,7
dataset/train/jackson_175.wav,7
dataset/train/jackson_176.wav,7
dataset/train/jackson_177.wav,7
dataset/train/jackson_178.wav,7
dataset/train/jackson_179.wav,7
dataset/train/jackson_180.wav,5
dataset/train/jackson_181.wav,5
dataset/train/jackson_182.wav,5
dataset/train/jackson_183.wav,5
dataset/train/jackson_184.wav,5
dataset/train/jackson_185.wav,5
dataset/train/jackson_186.wav,5
dataset/train/jackson_187.wav,5
dataset/train/jackson_188.wav,5
dataset/train/jackson_189.wav,5
dataset/train/jackson_190.wav,5
dataset/train/jackson_191.wav,5
dataset/train/jackson_192.wav,5
dataset/train/jackson_193.wav,5
dataset/train/jackson_194.wav,5
dataset/train/jackson_195.wav,5
dataset/train/jackson_196.wav,5
dataset/train/jackson_197.wav,5
dataset/train/jackson_198.wav,5
dataset/train/jackson_199.wav,5
dataset/train/jackson_200.wav,5
dataset/train/jackson_201.wav,5
dataset/train/jackson_202.wav,5
dataset/train/jackson_203.wav,5
dataset/train/jackson_204.wav,5
dataset/train/jackson_205.wav,5
dataset/train/jackson_206.wav,5
dataset/train/jackson_207.wav,5
dataset/train/jackson_208.wav,5
dataset/train/jackson_209.wav,5
dataset/train/jackson_210.wav,5
dataset/train/jackson_211.wav,5
dataset/train/jackson_212.wav,5
dataset/train/jackson_213.wav,5
dataset/train/jackson_214.wav,5
dataset/train/jackson_215.wav,5
dataset/train/jackson_216.wav,5
dataset/train/jackson_217.wav,5
dataset/train/jackson_218.wav,5
dataset/train/jackson_219.wav,5
dataset/train/jackson_220.wav,5
dataset/train/jackson_221.wav,5
dataset/train/jackson_222.wav,5
dataset/train/jackson_223.wav,5
dataset/train/jackson_224.wav,5
dataset/train/jackson_225.wav,0
dataset/train/jackson_226.wav,0
dataset/train/jackson_227.wav,0
dataset/train/jackson_228.wav,0
dataset/train/jackson_229.wav,0
dataset/train/jackson_230.wav,0
dataset/train/jackson_231.wav,0
dataset/train/jackson_232.wav,0
dataset/train/jackson_233.wav,0
dataset/train/jackson_234.wav,0
dataset/train/jackson_235.wav,0
dataset/train/jackson_236.wav,0
dataset/train/jackson_237.wav,0
dataset/train/jackson_238.wav,0
dataset/train/jackson_239.wav,0
dataset/train/jackson_240.wav,0
dataset/train/jackson_241.wav,0
dataset/train/jackson_242.wav,0
dataset/train/jackson_243.wav,0
dataset/train/jackson_244.wav,0
dataset/train/jackson_245.wav,0
dataset/train/jackson_246.wav,0
dataset/train/jackson_247.wav,0
dataset/train/jackson_248.wav,0
dataset/train/jackson_249.wav,0
dataset/train/jackson_250.wav,0
dataset/train/jackson_251.wav,0
dataset/train/jackson_252.wav,0
dataset/train/jackson_253.wav,0
dataset/train/jackson_254.wav,0
dataset/train/jackson_255.wav,0
dataset/train/jackson_256.wav,0
dataset/train/jackson_257.wav,0
dataset/train/jackson_258.wav,0
dataset/train/jackson_259.wav,0
dataset/train/jackson_260.wav,0
dataset/train/jackson_261.wav,0
dataset/train/jackson_262.wav,0
dataset/train/jackson_263.wav,0
dataset/train/jackson_264.wav,0
dataset/train/jackson_265.wav,0
dataset/train/jackson_266.wav,0
dataset/train/jackson_267.wav,0
dataset/train/jackson_268.wav,0
dataset/train/jackson_269.wav,0
dataset/train/jackson_270.wav,4
dataset/train/jackson_271.wav,4
dataset/train/jackson_272.wav,4
dataset/train/jackson_273.wav,4
dataset/train/jackson_274.wav,4
dataset/train/jackson_275.wav,4
dataset/train/jackson_276.wav,4
dataset/train/jackson_277.wav,4
dataset/train/jackson_278.wav,4
dataset/train/jackson_279.wav,4
dataset/train/jackson_280.wav,4
dataset/train/jackson_281.wav,4
dataset/train/jackson_282.wav,4
dataset/train/jackson_283.wav,4
dataset/train/jackson_284.wav,4
dataset/train/jackson_285.wav,4
dataset/train/jackson_286.wav,4
dataset/train/jackson_287.wav,4
dataset/train/jackson_288.wav,4
dataset/train/jackson_289.wav,4
dataset/train/jackson_290.wav,4
dataset/train/jackson_291.wav,4
dataset/train/jackson_292.wav,4
dataset/train/jackson_293.wav,4
dataset/train/jackson_294.wav,4
dataset/train/jackson_295.wav,4
dataset/train/jackson_296.wav,4
dataset/train/jackson_297.wav,4
dataset/train/jackson_298.wav,4
dataset/train/jackson_299.wav,4
dataset/train/jackson_300.wav,4
dataset/train/jackson_301.wav,4
dataset/train/jackson_302.wav,4
dataset/train/jackson_303.wav,4
dataset/train/jackson_304.wav,4
dataset/train/jackson_305.wav,4
dataset/train/jackson_306.wav,4
dataset/train/jackson_307.wav,4
dataset/train/jackson_308.wav,4
dataset/train/jackson_309.wav,4
dataset/train/jackson_310.wav,4
dataset/train/jackson_311.wav,4
dataset/train/jackson_312.wav,4
dataset/train/jackson_313.wav,4
dataset/train/jackson_314.wav,4
dataset/train/jackson_315.wav,9
dataset/train/jackson_316.wav,9
dataset/train/jackson_317.wav,9
dataset/train/jackson_318.wav,9
dataset/train/jackson_319.wav,9
dataset/train/jackson_320.wav,9
dataset/train/jackson_321.wav,9
dataset/train/jackson_322.wav,9
dataset/train/jackson_323.wav,9
dataset/train/jackson_324.wav,9
dataset/train/jackson_325.wav,9
dataset/train/jackson_326.wav,9
dataset/train/jackson_327.wav,9
dataset/train/jackson_328.wav,9
dataset/train/jackson_329.wav,9
dataset/train/jackson_330.wav,9
dataset/train/jackson_331.wav,9
dataset/train/jackson_332.wav,9
dataset/train/jackson_333.wav,9
dataset/train/jackson_334.wav,9
dataset/train/jackson_335.wav,9
dataset/train/jackson_336.wav,9
dataset/train/jackson_337.wav,9
dataset/train/jackson_338.wav,9
dataset/train/jackson_339.wav,9
dataset/train/jackson_340.wav,9
dataset/train/jackson_341.wav,9
dataset/train/jackson_342.wav,9
dataset/train/jackson_343.wav,9
dataset/train/jackson_344.wav,9
dataset/train/jackson_345.wav,9
dataset/train/jackson_346.wav,9
dataset/train/jackson_347.wav,9
dataset/train/jackson_348.wav,9
dataset/train/jackson_349.wav,9
dataset/train/jackson_350.wav,9
dataset/train/jackson_351.wav,9
dataset/train/jackson_352.wav,9
dataset/train/jackson_353.wav,9
dataset/train/jackson_354.wav,9
dataset/train/jackson_355.wav,9
dataset/train/jackson_356.wav,9
dataset/train/jackson_357.wav,9
dataset/train/jackson_358.wav,9
dataset/train/jackson_359.wav,9
dataset/train/jackson_360.wav,2
dataset/train/jackson_361.wav,2
dataset/train/jackson_362.wav,2
dataset/train/jackson_363.wav,2
dataset/train/jackson_364.wav,2
dataset/train/jackson_365.wav,2
dataset/train/jackson_366.wav,2
dataset/train/jackson_367.wav,2
dataset/train/jackson_368.wav,2
dataset/train/jackson_369.wav,2
dataset/train/jackson_370.wav,2
dataset/train/jackson_371.wav,2
dataset/train/jackson_372.wav,2
dataset/train/jackson_373.wav,2
dataset/train/jackson_374.wav,2
dataset/train/jackson_375.wav,2
dataset/train/jackson_376.wav,2
dataset/train/jackson_377.wav,2
dataset/train/jackson_378.wav,2
dataset/train/jackson_379.wav,2
dataset/train/jackson_380.wav,2
dataset/train/jackson_381.wav,2
dataset/train/jackson_382.wav,2
dataset/train/jackson_383.wav,2
dataset/train/jackson_384.wav,2
dataset/train/jackson_385.wav,2
dataset/train/jackson_386.wav,2
dataset/train/jackson_387.wav,2
dataset/train/jackson_388.wav,2
dataset/train/jackson_389.wav,2
dataset/train/jackson_390.wav,2
dataset/train/jackson_391.wav,2
dataset/train/jackson_392.wav,2
dataset/train/jackson_393.wav,2
dataset/train/jackson_394.wav,2
dataset/train/jackson_395.wav,2
dataset/train/jackson_396.wav,2
dataset/train/jackson_397.wav,2
dataset/train/jackson_398.wav,2
dataset/train/jackson_399.wav,2
dataset/train/jackson_400.wav,2
dataset/train/jackson_401.wav,2
dataset/train/jackson_402.wav,2
dataset/train/jackson_403.wav,2
dataset/train/jackson_404.wav,2
dataset/train/jackson_405.wav,1
dataset/train/jackson_406.wav,1
dataset/train/jackson_407.wav,1
dataset/train/jackson_408.wav,1
dataset/train/jackson_409.wav,1
dataset/train/jackson_410.wav,1
dataset/train/jackson_411.wav,1
dataset/train/jackson_412.wav,1
dataset/train/jackson_413.wav,1
dataset/train/jackson_414.wav,1
dataset/train/jackson_415.wav,1
dataset/train/jackson_416.wav,1
dataset/train/jackson_417.wav,1
dataset/train/jackson_418.wav,1
dataset/train/jackson_419.wav,1
dataset/train/jackson_420.wav,1
dataset/train/jackson_421.wav,1
dataset/train/jackson_422.wav,1
dataset/train/jackson_423.wav,1
dataset/train/jackson_424.wav,1
dataset/train/jackson_425.wav,1
dataset/train/jackson_426.wav,1
dataset/train/jackson_427.wav,1
dataset/train/jackson_428.wav,1
dataset/train/jackson_429.wav,1
dataset/train/jackson_430.wav,1
dataset/train/jackson_431.wav,1
dataset/train/jackson_432.wav,1
dataset/train/jackson_433.wav,1
dataset/train/jackson_434.wav,1
dataset/train/jackson_435.wav,1
dataset/train/jackson_436.wav,1
dataset/train/jackson_437.wav,1
dataset/train/jackson_438.wav,1
dataset/train/jackson_439.wav,1
dataset/train/jackson_440.wav,1
dataset/train/jackson_441.wav,1
dataset/train/jackson_442.wav,1
dataset/train/jackson_443.wav,1
dataset/train/jackson_444.wav,1
dataset/train/jackson_445.wav,1
dataset/train/jackson_446.wav,1
dataset/train/jackson_447.wav,1
dataset/train/jackson_448.wav,1
dataset/train/jackson_449.wav,1
dataset/train/nicolas_0.wav,2
dataset/train/nicolas_1.wav,2
dataset/train/nicolas_2.wav,2
dataset/train/nicolas_3.wav,2
dataset/train/nicolas_4.wav,2
dataset/train/nicolas_5.wav,2
dataset/train/nicolas_6.wav,2
dataset/train/nicolas_7.wav,2
dataset/train/nicolas_8.wav,2
dataset/train/nicolas_9.wav,2
dataset/train/nicolas_10.wav,2
dataset/train/nicolas_11.wav,2
dataset/train/nicolas_12.wav,2
dataset/train/nicolas_13.wav,2
dataset/train/nicolas_14.wav,2
dataset/train/nicolas_15.wav,2
dataset/train/nicolas_16.wav,2
dataset/train/nicolas_17.wav,2
dataset/train/nicolas_18.wav,2
dataset/train/nicolas_19.wav,2
dataset/train/nicolas_20.wav,2
dataset/train/nicolas_21.wav,2
dataset/train/nicolas_22.wav,2
dataset/train/nicolas_23.wav,2
dataset/train/nicolas_24.wav,2
dataset/train/nicolas_25.wav,2
dataset/train/nicolas_26.wav,2
dataset/train/nicolas_27.wav,2
dataset/train/nicolas_28.wav,2
dataset/train/nicolas_29.wav,2
dataset/train/nicolas_30.wav,2
dataset/train/nicolas_31.wav,2
dataset/train/nicolas_32.wav,2
dataset/train/nicolas_33.wav,2
dataset/train/nicolas_34.wav,2
dataset/train/nicolas_35.wav,2
dataset/train/nicolas_36.wav,2
dataset/train/nicolas_37.wav,2
dataset/train/nicolas_38.wav,2
dataset/train/nicolas_39.wav,2
dataset/train/nicolas_40.wav,2
dataset/train/nicolas_41.wav,2
dataset/train/nicolas_42.wav,2
dataset/train/nicolas_43.wav,2
dataset/train/nicolas_44.wav,2
dataset/train/nicolas_45.wav,5
dataset/train/nicolas_46.wav,5
dataset/train/nicolas_47.wav,5
dataset/train/nicolas_48.wav,5
dataset/train/nicolas_49.wav,5
dataset/train/nicolas_50.wav,5
dataset/train/nicolas_51.wav,5
dataset/train/nicolas_52.wav,5
dataset/train/nicolas_53.wav,5
dataset/train/nicolas_54.wav,5
dataset/train/nicolas_55.wav,5
dataset/train/nicolas_56.wav,5
dataset/train/nicolas_57.wav,5
dataset/train/nicolas_58.wav,5
dataset/train/nicolas_59.wav,5
dataset/train/nicolas_60.wav,5
dataset/train/nicolas_61.wav,5
dataset/train/nicolas_62.wav,5
dataset/train/nicolas_63.wav,5
dataset/train/nicolas_64.wav,5
dataset/train/nicolas_65.wav,5
dataset/train/nicolas_66.wav,5
dataset/train/nicolas_67.wav,5
dataset/train/nicolas_68.wav,5
dataset/train/nicolas_69.wav,5
dataset/train/nicolas_70.wav,5
dataset/train/nicolas_71.wav,5
dataset/train/nicolas_72.wav,5
dataset/train/nicolas_73.wav,5
dataset/train/nicolas_74.wav,5
dataset/train/nicolas_75.wav,5
dataset/train/nicolas_76.wav,5
dataset/train/nicolas_77.wav,5
dataset/train/nicolas_78.wav,5
dataset/train/nicolas_79.wav,5
dataset/train/nicolas_80.wav,5
dataset/train/nicolas_81.wav,5
dataset/train/nicolas_82.wav,5
dataset/train/nicolas_83.wav,5
dataset/train/nicolas_84.wav,5
dataset/train/nicolas_85.wav,5
dataset/train/nicolas_86.wav,5
dataset/train/nicolas_87.wav,5
dataset/train/nicolas_88.wav,5
dataset/train/nicolas_89.wav,5
dataset/train/nicolas_90.wav,0
dataset/train/nicolas_91.wav,0
dataset/train/nicolas_92.wav,0
dataset/train/nicolas_93.wav,0
dataset/train/nicolas_94.wav,0
dataset/train/nicolas_95.wav,0
dataset/train/nicolas_96.wav,0
dataset/train/nicolas_97.wav,0
dataset/train/nicolas_98.wav,0
dataset/train/nicolas_99.wav,0
dataset/train/nicolas_100.wav,0
dataset/train/nicolas_101.wav,0
dataset/train/nicolas_102.wav,0
dataset/train/nicolas_103.wav,0
dataset/train/nicolas_104.wav,0
dataset/train/nicolas_105.wav,0
dataset/train/nicolas_106.wav,0
dataset/train/nicolas_107.wav,0
dataset/train/nicolas_108.wav,0
dataset/train/nicolas_109.wav,0
dataset/train/nicolas_110.wav,0
dataset/train/nicolas_111.wav,0
dataset/train/nicolas_112.wav,0
dataset/train/nicolas_113.wav,0
dataset/train/nicolas_114.wav,0
dataset/train/nicolas_115.wav,0
dataset/train/nicolas_116.wav,0
dataset/train/nicolas_117.wav,0
dataset/train/nicolas_118.wav,0
dataset/train/nicolas_119.wav,0
dataset/train/nicolas_120.wav,0
dataset/train/nicolas_121.wav,0
dataset/train/nicolas_122.wav,0
dataset/train/nicolas_123.wav,0
dataset/train/nicolas_124.wav,0
dataset/train/nicolas_125.wav,0
dataset/train/nicolas_126.wav,0
dataset/train/nicolas_127.wav,0
dataset/train/nicolas_128.wav,0
dataset/train/nicolas_129.wav,0
dataset/train/nicolas_130.wav,0
dataset/train/nicolas_131.wav,0
dataset/train/nicolas_132.wav,0
dataset/train/nicolas_133.wav,0
dataset/train/nicolas_134.wav,0
dataset/train/nicolas_135.wav,3
dataset/train/nicolas_136.wav,3
dataset/train/nicolas_137.wav,3
dataset/train/nicolas_138.wav,3
dataset/train/nicolas_139.wav,3
dataset/train/nicolas_140.wav,3
dataset/train/nicolas_141.wav,3
dataset/train/nicolas_142.wav,3
dataset/train/nicolas_143.wav,3
dataset/train/nicolas_144.wav,3
dataset/train/nicolas_145.wav,3
dataset/train/nicolas_146.wav,3
dataset/train/nicolas_147.wav,3
dataset/train/nicolas_148.wav,3
dataset/train/nicolas_149.wav,3
dataset/train/nicolas_150.wav,3
dataset/train/nicolas_151.wav,3
dataset/train/nicolas_152.wav,3
dataset/train/nicolas_153.wav,3
dataset/train/nicolas_154.wav,3
dataset/train/nicolas_155.wav,3
dataset/train/nicolas_156.wav,3
dataset/train/nicolas_157.wav,3
dataset/train/nicolas_158.wav,3
dataset/train/nicolas_159.wav,3
dataset/train/nicolas_160.wav,3
dataset/train/nicolas_161.wav,3
dataset/train/nicolas_162.wav,3
dataset/train/nicolas_163.wav,3
dataset/train/nicolas_164.wav,3
dataset/train/nicolas_165.wav,3
dataset/train/nicolas_166.wav,3
dataset/train/nicolas_167.wav,3
dataset/train/nicolas_168.wav,3
dataset/train/nicolas_169.wav,3
dataset/train/nicolas_170.wav,3
dataset/train/nicolas_171.wav,3
dataset/train/nicolas_172.wav,3
dataset/train/nicolas_173.wav,3
dataset/train/nicolas_174.wav,3
dataset/train/nicolas_175.wav,3
dataset/train/nicolas_176.wav,3
dataset/train/nicolas_177.wav,3
dataset/train/nicolas_178.wav,3
dataset/train/nicolas_179.wav,3
dataset/train/nicolas_180.wav,6
dataset/train/nicolas_181.wav,6
dataset/train/nicolas_182.wav,6
dataset/train/nicolas_183.wav,6
dataset/train/nicolas_184.wav,6
dataset/train/nicolas_185.wav,6
dataset/train/nicolas_186.wav,6
dataset/train/nicolas_187.wav,6
dataset/train/nicolas_188.wav,6
dataset/train/nicolas_189.wav,6
dataset/train/nicolas_190.wav,6
dataset/train/nicolas_191.wav,6
dataset/train/nicolas_192.wav,6
dataset/train/nicolas_193.wav,6
dataset/train/nicolas_194.wav,6
dataset/train/nicolas_195.wav,6
dataset/train/nicolas_196.wav,6
dataset/train/nicolas_197.wav,6
dataset/train/nicolas_198.wav,6
dataset/train/nicolas_199.wav,6
dataset/train/nicolas_200.wav,6
dataset/train/nicolas_201.wav,6
dataset/train/nicolas_202.wav,6
dataset/train/nicolas_203.wav,6
dataset/train/nicolas_204.wav,6
dataset/train/nicolas_205.wav,6
dataset/train/nicolas_206.wav,6
dataset/train/nicolas_207.wav,6
dataset/train/nicolas_208.wav,6
dataset/train/nicolas_209.wav,6
dataset/train/nicolas_210.wav,6
dataset/train/nicolas_211.wav,6
dataset/train/nicolas_212.wav,6
dataset/train/nicolas_213.wav,6
dataset/train/nicolas_214.wav,6
dataset/train/nicolas_215.wav,6
dataset/train/nicolas_216.wav,6
dataset/train/nicolas_217.wav,6
dataset/train/nicolas_218.wav,6
dataset/train/nicolas_219.wav,6
dataset/train/nicolas_220.wav,6
dataset/train/nicolas_221.wav,6
dataset/train/nicolas_222.wav,6
dataset/train/nicolas_223.wav,6
dataset/train/nicolas_224.wav,6
dataset/train/nicolas_225.wav,1
dataset/train/nicolas_226.wav,1
dataset/train/nicolas_227.wav,1
dataset/train/nicolas_228.wav,1
dataset/train/nicolas_229.wav,1
dataset/train/nicolas_230.wav,1
dataset/train/nicolas_231.wav,1
dataset/train/nicolas_232.wav,1
dataset/train/nicolas_233.wav,1
dataset/train/nicolas_234.wav,1
dataset/train/nicolas_235.wav,1
dataset/train/nicolas_236.wav,1
dataset/train/nicolas_237.wav,1
dataset/train/nicolas_238.wav,1
dataset/train/nicolas_239.wav,1
dataset/train/nicolas_240.wav,1
dataset/train/nicolas_241.wav,1
dataset/train/nicolas_242.wav,1
dataset/train/nicolas_243.wav,1
dataset/train/nicolas_244.wav,1
dataset/train/nicolas_245.wav,1
dataset/train/nicolas_246.wav,1
dataset/train/nicolas_247.wav,1
dataset/train/nicolas_248.wav,1
dataset/train/nicolas_249.wav,1
dataset/train/nicolas_250.wav,1
dataset/train/nicolas_251.wav,1
dataset/train/nicolas_252.wav,1
dataset/train/nicolas_253.wav,1
dataset/train/nicolas_254.wav,1
dataset/train/nicolas_255.wav,1
dataset/train/nicolas_256.wav,1
dataset/train/nicolas_257.wav,1
dataset/train/nicolas_258.wav,1
dataset/train/nicolas_259.wav,1
dataset/train/nicolas_260.wav,1
dataset/train/nicolas_261.wav,1
dataset/train/nicolas_262.wav,1
dataset/train/nicolas_263.wav,1
dataset/train/nicolas_264.wav,1
dataset/train/nicolas_265.wav,1
dataset/train/nicolas_266.wav,1
dataset/train/nicolas_267.wav,1
dataset/train/nicolas_268.wav,1
dataset/train/nicolas_269.wav,1
dataset/train/nicolas_270.wav,7
dataset/train/nicolas_271.wav,7
dataset/train/nicolas_272.wav,7
dataset/train/nicolas_273.wav,7
dataset/train/nicolas_274.wav,7
dataset/train/nicolas_275.wav,7
dataset/train/nicolas_276.wav,7
dataset/train/nicolas_277.wav,7
dataset/train/nicolas_278.wav,7
dataset/train/nicolas_279.wav,7
dataset/train/nicolas_280.wav,7
dataset/train/nicolas_281.wav,7
dataset/train/nicolas_282.wav,7
dataset/train/nicolas_283.wav,7
dataset/train/nicolas_284.wav,7
dataset/train/nicolas_285.wav,7
dataset/train/nicolas_286.wav,7
dataset/train/nicolas_287.wav,7
dataset/train/nicolas_288.wav,7
dataset/train/nicolas_289.wav,7
dataset/train/nicolas_290.wav,7
dataset/train/nicolas_291.wav,7
dataset/train/nicolas_292.wav,7
dataset/train/nicolas_293.wav,7
dataset/train/nicolas_294.wav,7
dataset/train/nicolas_295.wav,7
dataset/train/nicolas_296.wav,7
dataset/train/nicolas_297.wav,7
dataset/train/nicolas_298.wav,7
dataset/train/nicolas_299.wav,7
dataset/train/nicolas_300.wav,7
dataset/train/nicolas_301.wav,7
dataset/train/nicolas_302.wav,7
dataset/train/nicolas_303.wav,7
dataset/train/nicolas_304.wav,7
dataset/train/nicolas_305.wav,7
dataset/train/nicolas_306.wav,7
dataset/train/nicolas_307.wav,7
dataset/train/nicolas_308.wav,7
dataset/train/nicolas_309.wav,7
dataset/train/nicolas_310.wav,7
dataset/train/nicolas_311.wav,7
dataset/train/nicolas_312.wav,7
dataset/train/nicolas_313.wav,7
dataset/train/nicolas_314.wav,7
dataset/train/nicolas_315.wav,8
dataset/train/nicolas_316.wav,8
dataset/train/nicolas_317.wav,8
dataset/train/nicolas_318.wav,8
dataset/train/nicolas_319.wav,8
dataset/train/nicolas_320.wav,8
dataset/train/nicolas_321.wav,8
dataset/train/nicolas_322.wav,8
dataset/train/nicolas_323.wav,8
dataset/train/nicolas_324.wav,8
dataset/train/nicolas_325.wav,8
dataset/train/nicolas_326.wav,8
dataset/train/nicolas_327.wav,8
dataset/train/nicolas_328.wav,8
dataset/train/nicolas_329.wav,8
dataset/train/nicolas_330.wav,8
dataset/train/nicolas_331.wav,8
dataset/train/nicolas_332.wav,8
dataset/train/nicolas_333.wav,8
dataset/train/nicolas_334.wav,8
dataset/train/nicolas_335.wav,8
dataset/train/nicolas_336.wav,8
dataset/train/nicolas_337.wav,8
dataset/train/nicolas_338.wav,8
dataset/train/nicolas_339.wav,8
dataset/train/nicolas_340.wav,8
dataset/train/nicolas_341.wav,8
dataset/train/nicolas_342.wav,8
dataset/train/nicolas_343.wav,8
dataset/train/nicolas_344.wav,8
dataset/train/nicolas_345.wav,8
dataset/train/nicolas_346.wav,8
dataset/train/nicolas_347.wav,8
dataset/train/nicolas_348.wav,8
dataset/train/nicolas_349.wav,8
dataset/train/nicolas_350.wav,8
dataset/train/nicolas_351.wav,8
dataset/train/nicolas_352.wav,8
dataset/train/nicolas_353.wav,8
dataset/train/nicolas_354.wav,8
dataset/train/nicolas_355.wav,8
dataset/train/nicolas_356.wav,8
dataset/train/nicolas_357.wav,8
dataset/train/nicolas_358.wav,8
dataset/train/nicolas_359.wav,8
dataset/train/nicolas_360.wav,9
dataset/train/nicolas_361.wav,9
dataset/train/nicolas_362.wav,9
dataset/train/nicolas_363.wav,9
dataset/train/nicolas_364.wav,9
dataset/train/nicolas_365.wav,9
dataset/train/nicolas_366.wav,9
dataset/train/nicolas_367.wav,9
dataset/train/nicolas_368.wav,9
dataset/train/nicolas_369.wav,9
dataset/train/nicolas_370.wav,9
dataset/train/nicolas_371.wav,9
dataset/train/nicolas_372.wav,9
dataset/train/nicolas_373.wav,9
dataset/train/nicolas_374.wav,9
dataset/train/nicolas_375.wav,9
dataset/train/nicolas_376.wav,9
dataset/train/nicolas_377.wav,9
dataset/train/nicolas_378.wav,9
dataset/train/nicolas_379.wav,9
dataset/train/nicolas_380.wav,9
dataset/train/nicolas_381.wav,9
dataset/train/nicolas_382.wav,9
dataset/train/nicolas_383.wav,9
dataset/train/nicolas_384.wav,9
dataset/train/nicolas_385.wav,9
dataset/train/nicolas_386.wav,9
dataset/train/nicolas_387.wav,9
dataset/train/nicolas_388.wav,9
dataset/train/nicolas_389.wav,9
dataset/train/nicolas_390.wav,9
dataset/train/nicolas_391.wav,9
dataset/train/nicolas_392.wav,9
dataset/train/nicolas_393.wav,9
dataset/train/nicolas_394.wav,9
dataset/train/nicolas_395.wav,9
dataset/train/nicolas_396.wav,9
dataset/train/nicolas_397.wav,9
dataset/train/nicolas_398.wav,9
dataset/train/nicolas_399.wav,9
dataset/train/nicolas_400.wav,9
dataset/train/nicolas_401.wav,9
dataset/train/nicolas_402.wav,9
dataset/train/nicolas_403.wav,9
dataset/train/nicolas_404.wav,9
dataset/train/nicolas_405.wav,4
dataset/train/nicolas_406.wav,4
dataset/train/nicolas_407.wav,4
dataset/train/nicolas_408.wav,4
dataset/train/nicolas_409.wav,4
dataset/train/nicolas_410.wav,4
dataset/train/nicolas_411.wav,4
dataset/train/nicolas_412.wav,4
dataset/train/nicolas_413.wav,4
dataset/train/nicolas_414.wav,4
dataset/train/nicolas_415.wav,4
dataset/train/nicolas_416.wav,4
dataset/train/nicolas_417.wav,4
dataset/train/nicolas_418.wav,4
dataset/train/nicolas_419.wav,4
dataset/train/nicolas_420.wav,4
dataset/train/nicolas_421.wav,4
dataset/train/nicolas_422.wav,4
dataset/train/nicolas_423.wav,4
dataset/train/nicolas_424.wav,4
dataset/train/nicolas_425.wav,4
dataset/train/nicolas_426.wav,4
dataset/train/nicolas_427.wav,4
dataset/train/nicolas_428.wav,4
dataset/train/nicolas_429.wav,4
dataset/train/nicolas_430.wav,4
dataset/train/nicolas_431.wav,4
dataset/train/nicolas_432.wav,4
dataset/train/nicolas_433.wav,4
dataset/train/nicolas_434.wav,4
dataset/train/nicolas_435.wav,4
dataset/train/nicolas_436.wav,4
dataset/train/nicolas_437.wav,4
dataset/train/nicolas_438.wav,4
dataset/train/nicolas_439.wav,4
dataset/train/nicolas_440.wav,4
dataset/train/nicolas_441.wav,4
dataset/train/nicolas_442.wav,4
dataset/train/nicolas_443.wav,4
dataset/train/nicolas_444.wav,4
dataset/train/nicolas_445.wav,4
dataset/train/nicolas_446.wav,4
dataset/train/nicolas_447.wav,4
dataset/train/nicolas_448.wav,4
dataset/train/nicolas_449.wav,4
dataset/train/theo_0.wav,9
dataset/train/theo_1.wav,9
dataset/train/theo_2.wav,9
dataset/train/theo_3.wav,9
dataset/train/theo_4.wav,9
dataset/train/theo_5.wav,9
dataset/train/theo_6.wav,9
dataset/train/theo_7.wav,9
dataset/train/theo_8.wav,9
dataset/train/theo_9.wav,9
dataset/train/theo_10.wav,9
dataset/train/theo_11.wav,9
dataset/train/theo_12.wav,9
dataset/train/theo_13.wav,9
dataset/train/theo_14.wav,9
dataset/train/theo_15.wav,9
dataset/train/theo_16.wav,9
dataset/train/theo_17.wav,9
dataset/train/theo_18.wav,9
dataset/train/theo_19.wav,9
dataset/train/theo_20.wav,9
dataset/train/theo_21.wav,9
dataset/train/theo_22.wav,9
dataset/train/theo_23.wav,9
dataset/train/theo_24.wav,9
dataset/train/theo_25.wav,9
dataset/train/theo_26.wav,9
dataset/train/theo_27.wav,9
dataset/train/theo_28.wav,9
dataset/train/theo_29.wav,9
dataset/train/theo_30.wav,9
dataset/train/theo_31.wav,9
dataset/train/theo_32.wav,9
dataset/train/theo_33.wav,9
dataset/train/theo_34.wav,9
dataset/train/theo_35.wav,9
dataset/train/theo_36.wav,9
dataset/train/theo_37.wav,9
dataset/train/theo_38.wav,9
dataset/train/theo_39.wav,9
dataset/train/theo_40.wav,9
dataset/train/theo_41.wav,9
dataset/train/theo_42.wav,9
dataset/train/theo_43.wav,9
dataset/train/theo_44.wav,9
dataset/train/theo_45.wav,6
dataset/train/theo_46.wav,6
dataset/train/theo_47.wav,6
dataset/train/theo_48.wav,6
dataset/train/theo_49.wav,6
dataset/train/theo_50.wav,6
dataset/train/theo_51.wav,6
dataset/train/theo_52.wav,6
dataset/train/theo_53.wav,6
dataset/train/theo_54.wav,6
dataset/train/theo_55.wav,6
dataset/train/theo_56.wav,6
dataset/train/theo_57.wav,6
dataset/train/theo_58.wav,6
dataset/train/theo_59.wav,6
dataset/train/theo_60.wav,6
dataset/train/theo_61.wav,6
dataset/train/theo_62.wav,6
dataset/train/theo_63.wav,6
dataset/train/theo_64.wav,6
dataset/train/theo_65.wav,6
dataset/train/theo_66.wav,6
dataset/train/theo_67.wav,6
dataset/train/theo_68.wav,6
dataset/train/theo_69.wav,6
dataset/train/theo_70.wav,6
dataset/train/theo_71.wav,6
dataset/train/theo_72.wav,6
dataset/train/theo_73.wav,6
dataset/train/theo_74.wav,6
dataset/train/theo_75.wav,6
dataset/train/theo_76.wav,6
dataset/train/theo_77.wav,6
dataset/train/theo_78.wav,6
dataset/train/theo_79.wav,6
dataset/train/theo_80.wav,6
dataset/train/theo_81.wav,6
dataset/train/theo_82.wav,6
dataset/train/theo_83.wav,6
dataset/train/theo_84.wav,6
dataset/train/theo_85.wav,6
dataset/train/theo_86.wav,6
dataset/train/theo_87.wav,6
dataset/train/theo_88.wav,6
dataset/train/theo_89.wav,6
dataset/train/theo_90.wav,2
dataset/train/theo_91.wav,2
dataset/train/theo_92.wav,2
dataset/train/theo_93.wav,2
dataset/train/theo_94.wav,2
dataset/train/theo_95.wav,2
dataset/train/theo_96.wav,2
dataset/train/theo_97.wav,2
dataset/train/theo_98.wav,2
dataset/train/theo_99.wav,2
dataset/train/theo_100.wav,2
dataset/train/theo_101.wav,2
dataset/train/theo_102.wav,2
dataset/train/theo_103.wav,2
dataset/train/theo_104.wav,2
dataset/train/theo_105.wav,2
dataset/train/theo_106.wav,2
dataset/train/theo_107.wav,2
dataset/train/theo_108.wav,2
dataset/train/theo_109.wav,2
dataset/train/theo_110.wav,2
dataset/train/theo_111.wav,2
dataset/train/theo_112.wav,2
dataset/train/theo_113.wav,2
dataset/train/theo_114.wav,2
dataset/train/theo_115.wav,2
dataset/train/theo_116.wav,2
dataset/train/theo_117.wav,2
dataset/train/theo_118.wav,2
dataset/train/theo_119.wav,2
dataset/train/theo_120.wav,2
dataset/train/theo_121.wav,2
dataset/train/theo_122.wav,2
dataset/train/theo_123.wav,2
dataset/train/theo_124.wav,2
dataset/train/theo_125.wav,2
dataset/train/theo_126.wav,2
dataset/train/theo_127.wav,2
dataset/train/theo_128.wav,2
dataset/train/theo_129.wav,2
dataset/train/theo_130.wav,2
dataset/train/theo_131.wav,2
dataset/train/theo_132.wav,2
dataset/train/theo_133.wav,2
dataset/train/theo_134.wav,2
dataset/train/theo_135.wav,4
dataset/train/theo_136.wav,4
dataset/train/theo_137.wav,4
dataset/train/theo_138.wav,4
dataset/train/theo_139.wav,4
dataset/train/theo_140.wav,4
dataset/train/theo_141.wav,4
dataset/train/theo_142.wav,4
dataset/train/theo_143.wav,4
dataset/train/theo_144.wav,4
dataset/train/theo_145.wav,4
dataset/train/theo_146.wav,4
dataset/train/theo_147.wav,4
dataset/train/theo_148.wav,4
dataset/train/theo_149.wav,4
dataset/train/theo_150.wav,4
dataset/train/theo_151.wav,4
dataset/train/theo_152.wav,4
dataset/train/theo_153.wav,4
dataset/train/theo_154.wav,4
dataset/train/theo_155.wav,4
dataset/train/theo_156.wav,4
dataset/train/theo_157.wav,4
dataset/train/theo_158.wav,4
dataset/train/theo_159.wav,4
dataset/train/theo_160.wav,4
dataset/train/theo_161.wav,4
dataset/train/theo_162.wav,4
dataset/train/theo_163.wav,4
dataset/train/theo_164.wav,4
dataset/train/theo_165.wav,4
dataset/train/theo_166.wav,4
dataset/train/theo_167.wav,4
dataset/train/theo_168.wav,4
dataset/train/theo_169.wav,4
dataset/train/theo_170.wav,4
dataset/train/theo_171.wav,4
dataset/train/theo_172.wav,4
dataset/train/theo_173.wav,4
dataset/train/theo_174.wav,4
dataset/train/theo_175.wav,4
dataset/train/theo_176.wav,4
dataset/train/theo_177.wav,4
dataset/train/theo_178.wav,4
dataset/train/theo_179.wav,4
dataset/train/theo_180.wav,7
dataset/train/theo_181.wav,7
dataset/train/theo_182.wav,7
dataset/train/theo_183.wav,7
dataset/train/theo_184.wav,7
dataset/train/theo_185.wav,7
dataset/train/theo_186.wav,7
dataset/train/theo_187.wav,7
dataset/train/theo_188.wav,7
dataset/train/theo_189.wav,7
dataset/train/theo_190.wav,7
dataset/train/theo_191.wav,7
dataset/train/theo_192.wav,7
dataset/train/theo_193.wav,7
dataset/train/theo_194.wav,7
dataset/train/theo_195.wav,7
dataset/train/theo_196.wav,7
dataset/train/theo_197.wav,7
dataset/train/theo_198.wav,7
dataset/train/theo_199.wav,7
dataset/train/theo_200.wav,7
dataset/train/theo_201.wav,7
dataset/train/theo_202.wav,7
dataset/train/theo_203.wav,7
dataset/train/theo_204.wav,7
dataset/train/theo_205.wav,7
dataset/train/theo_206.wav,7
dataset/train/theo_207.wav,7
dataset/train/theo_208.wav,7
dataset/train/theo_209.wav,7
dataset/train/theo_210.wav,7
dataset/train/theo_211.wav,7
dataset/train/theo_212.wav,7
dataset/train/theo_213.wav,7
dataset/train/theo_214.wav,7
dataset/train/theo_215.wav,7
dataset/train/theo_216.wav,7
dataset/train/theo_217.wav,7
dataset/train/theo_218.wav,7
dataset/train/theo_219.wav,7
dataset/train/theo_220.wav,7
dataset/train/theo_221.wav,7
dataset/train/theo_222.wav,7
dataset/train/theo_223.wav,7
dataset/train/theo_224.wav,7
dataset/train/theo_225.wav,5
dataset/train/theo_226.wav,5
dataset/train/theo_227.wav,5
dataset/train/theo_228.wav,5
dataset/train/theo_229.wav,5
dataset/train/theo_230.wav,5
dataset/train/theo_231.wav,5
dataset/train/theo_232.wav,5
dataset/train/theo_233.wav,5
dataset/train/theo_234.wav,5
dataset/train/theo_235.wav,5
dataset/train/theo_236.wav,5
dataset/train/theo_237.wav,5
dataset/train/theo_238.wav,5
dataset/train/theo_239.wav,5
dataset/train/theo_240.wav,5
dataset/train/theo_241.wav,5
dataset/train/theo_242.wav,5
dataset/train/theo_243.wav,5
dataset/train/theo_244.wav,5
dataset/train/theo_245.wav,5
dataset/train/theo_246.wav,5
dataset/train/theo_247.wav,5
dataset/train/theo_248.wav,5
dataset/train/theo_249.wav,5
dataset/train/theo_250.wav,5
dataset/train/theo_251.wav,5
dataset/train/theo_252.wav,5
dataset/train/theo_253.wav,5
dataset/train/theo_254.wav,5
dataset/train/theo_255.wav,5
dataset/train/theo_256.wav,5
dataset/train/theo_257.wav,5
dataset/train/theo_258.wav,5
dataset/train/theo_259.wav,5
dataset/train/theo_260.wav,5
dataset/train/theo_261.wav,5
dataset/train/theo_262.wav,5
dataset/train/theo_263.wav,5
dataset/train/theo_264.wav,5
dataset/train/theo_265.wav,5
dataset/train/theo_266.wav,5
dataset/train/theo_267.wav,5
dataset/train/theo_268.wav,5
dataset/train/theo_269.wav,5
dataset/train/theo_270.wav,3
dataset/train/theo_271.wav,3
dataset/train/theo_272.wav,3
dataset/train/theo_273.wav,3
dataset/train/theo_274.wav,3
dataset/train/theo_275.wav,3
dataset/train/theo_276.wav,3
dataset/train/theo_277.wav,3
dataset/train/theo_278.wav,3
dataset/train/theo_279.wav,3
dataset/train/theo_280.wav,3
dataset/train/theo_281.wav,3
dataset/train/theo_282.wav,3
dataset/train/theo_283.wav,3
dataset/train/theo_284.wav,3
dataset/train/theo_285.wav,3
dataset/train/theo_286.wav,3
dataset/train/theo_287.wav,3
dataset/train/theo_288.wav,3
dataset/train/theo_289.wav,3
dataset/train/theo_290.wav,3
dataset/train/theo_291.wav,3
dataset/train/theo_292.wav,3
dataset/train/theo_293.wav,3
dataset/train/theo_294.wav,3
dataset/train/theo_295.wav,3
dataset/train/theo_296.wav,3
dataset/train/theo_297.wav,3
dataset/train/theo_298.wav,3
dataset/train/theo_299.wav,3
dataset/train/theo_300.wav,3
dataset/train/theo_301.wav,3
dataset/train/theo_302.wav,3
dataset/train/theo_303.wav,3
dataset/train/theo_304.wav,3
dataset/train/theo_305.wav,3
dataset/train/theo_306.wav,3
dataset/train/theo_307.wav,3
dataset/train/theo_308.wav,3
dataset/train/theo_309.wav,3
dataset/train/theo_310.wav,3
dataset/train/theo_311.wav,3
dataset/train/theo_312.wav,3
dataset/train/theo_313.wav,3
dataset/train/theo_314.wav,3
dataset/train/theo_315.wav,1
dataset/train/theo_316.wav,1
dataset/train/theo_317.wav,1
dataset/train/theo_318.wav,1
dataset/train/theo_319.wav,1
dataset/train/theo_320.wav,1
dataset/train/theo_321.wav,1
dataset/train/theo_322.wav,1
dataset/train/theo_323.wav,1
dataset/train/theo_324.wav,1
dataset/train/theo_325.wav,1
dataset/train/theo_326.wav,1
dataset/train/theo_327.wav,1
dataset/train/theo_328.wav,1
dataset/train/theo_329.wav,1
dataset/train/theo_330.wav,1
dataset/train/theo_331.wav,1
dataset/train/theo_332.wav,1
dataset/train/theo_333.wav,1
dataset/train/theo_334.wav,1
dataset/train/theo_335.wav,1
dataset/train/theo_336.wav,1
dataset/train/theo_337.wav,1
dataset/train/theo_338.wav,1
dataset/train/theo_339.wav,1
dataset/train/theo_340.wav,1
dataset/train/theo_341.wav,1
dataset/train/theo_342.wav,1
dataset/train/theo_343.wav,1
dataset/train/theo_344.wav,1
dataset/train/theo_345.wav,1
dataset/train/theo_346.wav,1
dataset/train/theo_347.wav,1
dataset/train/theo_348.wav,1
dataset/train/theo_349.wav,1
dataset/train/theo_350.wav,1
dataset/train/theo_351.wav,1
dataset/train/theo_352.wav,1
dataset/train/theo_353.wav,1
dataset/train/theo_354.wav,1
dataset/train/theo_355.wav,1
dataset/train/theo_356.wav,1
dataset/train/theo_357.wav,1
dataset/train/theo_358.wav,1
dataset/train/theo_359.wav,1
dataset/train/theo_360.wav,0
dataset/train/theo_361.wav,0
dataset/train/theo_362.wav,0
dataset/train/theo_363.wav,0
dataset/train/theo_364.wav,0
dataset/train/theo_365.wav,0
dataset/train/theo_366.wav,0
dataset/train/theo_367.wav,0
dataset/train/theo_368.wav,0
dataset/train/theo_369.wav,0
dataset/train/theo_370.wav,0
dataset/train/theo_371.wav,0
dataset/train/theo_372.wav,0
dataset/train/theo_373.wav,0
dataset/train/theo_374.wav,0
dataset/train/theo_375.wav,0
dataset/train/theo_376.wav,0
dataset/train/theo_377.wav,0
dataset/train/theo_378.wav,0
dataset/train/theo_379.wav,0
dataset/train/theo_380.wav,0
dataset/train/theo_381.wav,0
dataset/train/theo_382.wav,0
dataset/train/theo_383.wav,0
dataset/train/theo_384.wav,0
dataset/train/theo_385.wav,0
dataset/train/theo_386.wav,0
dataset/train/theo_387.wav,0
dataset/train/theo_388.wav,0
dataset/train/theo_389.wav,0
dataset/train/theo_390.wav,0
dataset/train/theo_391.wav,0
dataset/train/theo_392.wav,0
dataset/train/theo_393.wav,0
dataset/train/theo_394.wav,0
dataset/train/theo_395.wav,0
dataset/train/theo_396.wav,0
dataset/train/theo_397.wav,0
dataset/train/theo_398.wav,0
dataset/train/theo_399.wav,0
dataset/train/theo_400.wav,0
dataset/train/theo_401.wav,0
dataset/train/theo_402.wav,0
dataset/train/theo_403.wav,0
dataset/train/theo_404.wav,0
dataset/train/theo_405.wav,8
dataset/train/theo_406.wav,8
dataset/train/theo_407.wav,8
dataset/train/theo_408.wav,8
dataset/train/theo_409.wav,8
dataset/train/theo_410.wav,8
dataset/train/theo_411.wav,8
dataset/train/theo_412.wav,8
dataset/train/theo_413.wav,8
dataset/train/theo_414.wav,8
dataset/train/theo_415.wav,8
dataset/train/theo_416.wav,8
dataset/train/theo_417.wav,8
dataset/train/theo_418.wav,8
dataset/train/theo_419.wav,8
dataset/train/theo_420.wav,8
dataset/train/theo_421.wav,8
dataset/train/theo_422.wav,8
dataset/train/theo_423.wav,8
dataset/train/theo_424.wav,8
dataset/train/theo_425.wav,8
dataset/train/theo_426.wav,8
dataset/train/theo_427.wav,8
dataset/train/theo_428.wav,8
dataset/train/theo_429.wav,8
dataset/train/theo_430.wav,8
dataset/train/theo_431.wav,8
dataset/train/theo_432.wav,8
dataset/train/theo_433.wav,8
dataset/train/theo_434.wav,8
dataset/train/theo_435.wav,8
dataset/train/theo_436.wav,8
dataset/train/theo_437.wav,8
dataset/train/theo_438.wav,8
dataset/train/theo_439.wav,8
dataset/train/theo_440.wav,8
dataset/train/theo_441.wav,8
dataset/train/theo_442.wav,8
dataset/train/theo_443.wav,8
dataset/train/theo_444.wav,8
dataset/train/theo_445.wav,8
dataset/train/theo_446.wav,8
dataset/train/theo_447.wav,8
dataset/train/theo_448.wav,8
dataset/train/theo_449.wav,8
dataset/train/yweweler_0.wav,4
dataset/train/yweweler_1.wav,4
dataset/train/yweweler_2.wav,4
dataset/train/yweweler_3.wav,4
dataset/train/yweweler_4.wav,4
dataset/train/yweweler_5.wav,4
dataset/train/yweweler_6.wav,4
dataset/train/yweweler_7.wav,4
dataset/train/yweweler_8.wav,4
dataset/train/yweweler_9.wav,4
dataset/train/yweweler_10.wav,4
dataset/train/yweweler_11.wav,4
dataset/train/yweweler_12.wav,4
dataset/train/yweweler_13.wav,4
dataset/train/yweweler_14.wav,4
dataset/train/yweweler_15.wav,4
dataset/train/yweweler_16.wav,4
dataset/train/yweweler_17.wav,4
dataset/train/yweweler_18.wav,4
dataset/train/yweweler_19.wav,4
dataset/train/yweweler_20.wav,4
dataset/train/yweweler_21.wav,4
dataset/train/yweweler_22.wav,4
dataset/train/yweweler_23.wav,4
dataset/train/yweweler_24.wav,4
dataset/train/yweweler_25.wav,4
dataset/train/yweweler_26.wav,4
dataset/train/yweweler_27.wav,4
dataset/train/yweweler_28.wav,4
dataset/train/yweweler_29.wav,4
dataset/train/yweweler_30.wav,4
dataset/train/yweweler_31.wav,4
dataset/train/yweweler_32.wav,4
dataset/train/yweweler_33.wav,4
dataset/train/yweweler_34.wav,4
dataset/train/yweweler_35.wav,4
dataset/train/yweweler_36.wav,4
dataset/train/yweweler_37.wav,4
dataset/train/yweweler_38.wav,4
dataset/train/yweweler_39.wav,4
dataset/train/yweweler_40.wav,4
dataset/train/yweweler_41.wav,4
dataset/train/yweweler_42.wav,4
dataset/train/yweweler_43.wav,4
dataset/train/yweweler_44.wav,4
dataset/train/yweweler_45.wav,5
dataset/train/yweweler_46.wav,5
dataset/train/yweweler_47.wav,5
dataset/train/yweweler_48.wav,5
dataset/train/yweweler_49.wav,5
dataset/train/yweweler_50.wav,5
dataset/train/yweweler_51.wav,5
dataset/train/yweweler_52.wav,5
dataset/train/yweweler_53.wav,5
dataset/train/yweweler_54.wav,5
dataset/train/yweweler_55.wav,5
dataset/train/yweweler_56.wav,5
dataset/train/yweweler_57.wav,5
dataset/train/yweweler_58.wav,5
dataset/train/yweweler_59.wav,5
dataset/train/yweweler_60.wav,5
dataset/train/yweweler_61.wav,5
dataset/train/yweweler_62.wav,5
dataset/train/yweweler_63.wav,5
dataset/train/yweweler_64.wav,5
dataset/train/yweweler_65.wav,5
dataset/train/yweweler_66.wav,5
dataset/train/yweweler_67.wav,5
dataset/train/yweweler_68.wav,5
dataset/train/yweweler_69.wav,5
dataset/train/yweweler_70.wav,5
dataset/train/yweweler_71.wav,5
dataset/train/yweweler_72.wav,5
dataset/train/yweweler_73.wav,5
dataset/train/yweweler_74.wav,5
dataset/train/yweweler_75.wav,5
dataset/train/yweweler_76.wav,5
dataset/train/yweweler_77.wav,5
dataset/train/yweweler_78.wav,5
dataset/train/yweweler_79.wav,5
dataset/train/yweweler_80.wav,5
dataset/train/yweweler_81.wav,5
dataset/train/yweweler_82.wav,5
dataset/train/yweweler_83.wav,5
dataset/train/yweweler_84.wav,5
dataset/train/yweweler_85.wav,5
dataset/train/yweweler_86.wav,5
dataset/train/yweweler_87.wav,5
dataset/train/yweweler_88.wav,5
dataset/train/yweweler_89.wav,5
dataset/train/yweweler_90.wav,7
dataset/train/yweweler_91.wav,7
dataset/train/yweweler_92.wav,7
dataset/train/yweweler_93.wav,7
dataset/train/yweweler_94.wav,7
dataset/train/yweweler_95.wav,7
dataset/train/yweweler_96.wav,7
dataset/train/yweweler_97.wav,7
dataset/train/yweweler_98.wav,7
dataset/train/yweweler_99.wav,7
dataset/train/yweweler_100.wav,7
dataset/train/yweweler_101.wav,7
dataset/train/yweweler_102.wav,7
dataset/train/yweweler_103.wav,7
dataset/train/yweweler_104.wav,7
dataset/train/yweweler_105.wav,7
dataset/train/yweweler_106.wav,7
dataset/train/yweweler_107.wav,7
dataset/train/yweweler_108.wav,7
dataset/train/yweweler_109.wav,7
dataset/train/yweweler_110.wav,7
dataset/train/yweweler_111.wav,7
dataset/train/yweweler_112.wav,7
dataset/train/yweweler_113.wav,7
dataset/train/yweweler_114.wav,7
dataset/train/yweweler_115.wav,7
dataset/train/yweweler_116.wav,7
dataset/train/yweweler_117.wav,7
dataset/train/yweweler_118.wav,7
dataset/train/yweweler_119.wav,7
dataset/train/yweweler_120.wav,7
dataset/train/yweweler_121.wav,7
dataset/train/yweweler_122.wav,7
dataset/train/yweweler_123.wav,7
dataset/train/yweweler_124.wav,7
dataset/train/yweweler_125.wav,7
dataset/train/yweweler_126.wav,7
dataset/train/yweweler_127.wav,7
dataset/train/yweweler_128.wav,7
dataset/train/yweweler_129.wav,7
dataset/train/yweweler_130.wav,7
dataset/train/yweweler_131.wav,7
dataset/train/yweweler_132.wav,7
dataset/train/yweweler_133.wav,7
dataset/train/yweweler_134.wav,7
dataset/train/yweweler_135.wav,6
dataset/train/yweweler_136.wav,6
dataset/train/yweweler_137.wav,6
dataset/train/yweweler_138.wav,6
dataset/train/yweweler_139.wav,6
dataset/train/yweweler_140.wav,6
dataset/train/yweweler_141.wav,6
dataset/train/yweweler_142.wav,6
dataset/train/yweweler_143.wav,6
dataset/train/yweweler_144.wav,6
dataset/train/yweweler_145.wav,6
dataset/train/yweweler_146.wav,6
dataset/train/yweweler_147.wav,6
dataset/train/yweweler_148.wav,6
dataset/train/yweweler_149.wav,6
dataset/train/yweweler_150.wav,6
dataset/train/yweweler_151.wav,6
dataset/train/yweweler_152.wav,6
dataset/train/yweweler_153.wav,6
dataset/train/yweweler_154.wav,6
dataset/train/yweweler_155.wav,6
dataset/train/yweweler_156.wav,6
dataset/train/yweweler_157.wav,6
dataset/train/yweweler_158.wav,6
dataset/train/yweweler_159.wav,6
dataset/train/yweweler_160.wav,6
dataset/train/yweweler_161.wav,6
dataset/train/yweweler_162.wav,6
dataset/train/yweweler_163.wav,6
dataset/train/yweweler_164.wav,6
dataset/train/yweweler_165.wav,6
dataset/train/yweweler_166.wav,6
dataset/train/yweweler_167.wav,6
dataset/train/yweweler_168.wav,6
dataset/train/yweweler_169.wav,6
dataset/train/yweweler_170.wav,6
dataset/train/yweweler_171.wav,6
dataset/train/yweweler_172.wav,6
dataset/train/yweweler_173.wav,6
dataset/train/yweweler_174.wav,6
dataset/train/yweweler_175.wav,6
dataset/train/yweweler_176.wav,6
dataset/train/yweweler_177.wav,6
dataset/train/yweweler_178.wav,6
dataset/train/yweweler_179.wav,6
dataset/train/yweweler_180.wav,9
dataset/train/yweweler_181.wav,9
dataset/train/yweweler_182.wav,9
dataset/train/yweweler_183.wav,9
dataset/train/yweweler_184.wav,9
dataset/train/yweweler_185.wav,9
dataset/train/yweweler_186.wav,9
dataset/train/yweweler_187.wav,9
dataset/train/yweweler_188.wav,9
dataset/train/yweweler_189.wav,9
dataset/train/yweweler_190.wav,9
dataset/train/yweweler_191.wav,9
dataset/train/yweweler_192.wav,9
dataset/train/yweweler_193.wav,9
dataset/train/yweweler_194.wav,9
dataset/train/yweweler_195.wav,9
dataset/train/yweweler_196.wav,9
dataset/train/yweweler_197.wav,9
dataset/train/yweweler_198.wav,9
dataset/train/yweweler_199.wav,9
dataset/train/yweweler_200.wav,9
dataset/train/yweweler_201.wav,9
dataset/train/yweweler_202.wav,9
dataset/train/yweweler_203.wav,9
dataset/train/yweweler_204.wav,9
dataset/train/yweweler_205.wav,9
dataset/train/yweweler_206.wav,9
dataset/train/yweweler_207.wav,9
dataset/train/yweweler_208.wav,9
dataset/train/yweweler_209.wav,9
dataset/train/yweweler_210.wav,9
dataset/train/yweweler_211.wav,9
dataset/train/yweweler_212.wav,9
dataset/train/yweweler_213.wav,9
dataset/train/yweweler_214.wav,9
dataset/train/yweweler_215.wav,9
dataset/train/yweweler_216.wav,9
dataset/train/yweweler_217.wav,9
dataset/train/yweweler_218.wav,9
dataset/train/yweweler_219.wav,9
dataset/train/yweweler_220.wav,9
dataset/train/yweweler_221.wav,9
dataset/train/yweweler_222.wav,9
dataset/train/yweweler_223.wav,9
dataset/train/yweweler_224.wav,9
dataset/train/yweweler_225.wav,8
dataset/train/yweweler_226.wav,8
dataset/train/yweweler_227.wav,8
dataset/train/yweweler_228.wav,8
dataset/train/yweweler_229.wav,8
dataset/train/yweweler_230.wav,8
dataset/train/yweweler_231.wav,8
dataset/train/yweweler_232.wav,8
dataset/train/yweweler_233.wav,8
dataset/train/yweweler_234.wav,8
dataset/train/yweweler_235.wav,8
dataset/train/yweweler_236.wav,8
dataset/train/yweweler_237.wav,8
dataset/train/yweweler_238.wav,8
dataset/train/yweweler_239.wav,8
dataset/train/yweweler_240.wav,8
dataset/train/yweweler_241.wav,8
dataset/train/yweweler_242.wav,8
dataset/train/yweweler_243.wav,8
dataset/train/yweweler_244.wav,8
dataset/train/yweweler_245.wav,8
dataset/train/yweweler_246.wav,8
dataset/train/yweweler_247.wav,8
dataset/train/yweweler_248.wav,8
dataset/train/yweweler_249.wav,8
dataset/train/yweweler_250.wav,8
dataset/train/yweweler_251.wav,8
dataset/train/yweweler_252.wav,8
dataset/train/yweweler_253.wav,8
dataset/train/yweweler_254.wav,8
dataset/train/yweweler_255.wav,8
dataset/train/yweweler_256.wav,8
dataset/train/yweweler_257.wav,8
dataset/train/yweweler_258.wav,8
dataset/train/yweweler_259.wav,8
dataset/train/yweweler_260.wav,8
dataset/train/yweweler_261.wav,8
dataset/train/yweweler_262.wav,8
dataset/train/yweweler_263.wav,8
dataset/train/yweweler_264.wav,8
dataset/train/yweweler_265.wav,8
dataset/train/yweweler_266.wav,8
dataset/train/yweweler_267.wav,8
dataset/train/yweweler_268.wav,8
dataset/train/yweweler_269.wav,8
dataset/train/yweweler_270.wav,3
dataset/train/yweweler_271.wav,3
dataset/train/yweweler_272.wav,3
dataset/train/yweweler_273.wav,3
dataset/train/yweweler_274.wav,3
dataset/train/yweweler_275.wav,3
dataset/train/yweweler_276.wav,3
dataset/train/yweweler_277.wav,3
dataset/train/yweweler_278.wav,3
dataset/train/yweweler_279.wav,3
dataset/train/yweweler_280.wav,3
dataset/train/yweweler_281.wav,3
dataset/train/yweweler_282.wav,3
dataset/train/yweweler_283.wav,3
dataset/train/yweweler_284.wav,3
dataset/train/yweweler_285.wav,3
dataset/train/yweweler_286.wav,3
dataset/train/yweweler_287.wav,3
dataset/train/yweweler_288.wav,3
dataset/train/yweweler_289.wav,3
dataset/train/yweweler_290.wav,3
dataset/train/yweweler_291.wav,3
dataset/train/yweweler_292.wav,3
dataset/train/yweweler_293.wav,3
dataset/train/yweweler_294.wav,3
dataset/train/yweweler_295.wav,3
dataset/train/yweweler_296.wav,3
dataset/train/yweweler_297.wav,3
dataset/train/yweweler_298.wav,3
dataset/train/yweweler_299.wav,3
dataset/train/yweweler_300.wav,3
dataset/train/yweweler_301.wav,3
dataset/train/yweweler_302.wav,3
dataset/train/yweweler_303.wav,3
dataset/train/yweweler_304.wav,3
dataset/train/yweweler_305.wav,3
dataset/train/yweweler_306.wav,3
dataset/train/yweweler_307.wav,3
dataset/train/yweweler_308.wav,3
dataset/train/yweweler_309.wav,3
dataset/train/yweweler_310.wav,3
dataset/train/yweweler_311.wav,3
dataset/train/yweweler_312.wav,3
dataset/train/yweweler_313.wav,3
dataset/train/yweweler_314.wav,3
dataset/train/yweweler_315.wav,0
dataset/train/yweweler_316.wav,0
dataset/train/yweweler_317.wav,0
dataset/train/yweweler_318.wav,0
dataset/train/yweweler_319.wav,0
dataset/train/yweweler_320.wav,0
dataset/train/yweweler_321.wav,0
dataset/train/yweweler_322.wav,0
dataset/train/yweweler_323.wav,0
dataset/train/yweweler_324.wav,0
dataset/train/yweweler_325.wav,0
dataset/train/yweweler_326.wav,0
dataset/train/yweweler_327.wav,0
dataset/train/yweweler_328.wav,0
dataset/train/yweweler_329.wav,0
dataset/train/yweweler_330.wav,0
dataset/train/yweweler_331.wav,0
dataset/train/yweweler_332.wav,0
dataset/train/yweweler_333.wav,0
dataset/train/yweweler_334.wav,0
dataset/train/yweweler_335.wav,0
dataset/train/yweweler_336.wav,0
dataset/train/yweweler_337.wav,0
dataset/train/yweweler_338.wav,0
dataset/train/yweweler_339.wav,0
dataset/train/yweweler_340.wav,0
dataset/train/yweweler_341.wav,0
dataset/train/yweweler_342.wav,0
dataset/train/yweweler_343.wav,0
dataset/train/yweweler_344.wav,0
dataset/train/yweweler_345.wav,0
dataset/train/yweweler_346.wav,0
dataset/train/yweweler_347.wav,0
dataset/train/yweweler_348.wav,0
dataset/train/yweweler_349.wav,0
dataset/train/yweweler_350.wav,0
dataset/train/yweweler_351.wav,0
dataset/train/yweweler_352.wav,0
dataset/train/yweweler_353.wav,0
dataset/train/yweweler_354.wav,0
dataset/train/yweweler_355.wav,0
dataset/train/yweweler_356.wav,0
dataset/train/yweweler_357.wav,0
dataset/train/yweweler_358.wav,0
dataset/train/yweweler_359.wav,0
dataset/train/yweweler_360.wav,1
dataset/train/yweweler_361.wav,1
dataset/train/yweweler_362.wav,1
dataset/train/yweweler_363.wav,1
dataset/train/yweweler_364.wav,1
dataset/train/yweweler_365.wav,1
dataset/train/yweweler_366.wav,1
dataset/train/yweweler_367.wav,1
dataset/train/yweweler_368.wav,1
dataset/train/yweweler_369.wav,1
dataset/train/yweweler_370.wav,1
dataset/train/yweweler_371.wav,1
dataset/train/yweweler_372.wav,1
dataset/train/yweweler_373.wav,1
dataset/train/yweweler_374.wav,1
dataset/train/yweweler_375.wav,1
dataset/train/yweweler_376.wav,1
dataset/train/yweweler_377.wav,1
dataset/train/yweweler_378.wav,1
dataset/train/yweweler_379.wav,1
dataset/train/yweweler_380.wav,1
dataset/train/yweweler_381.wav,1
dataset/train/yweweler_382.wav,1
dataset/train/yweweler_383.wav,1
dataset/train/yweweler_384.wav,1
dataset/train/yweweler_385.wav,1
dataset/train/yweweler_386.wav,1
dataset/train/yweweler_387.wav,1
dataset/train/yweweler_388.wav,1
dataset/train/yweweler_389.wav,1
dataset/train/yweweler_390.wav,1
dataset/train/yweweler_391.wav,1
dataset/train/yweweler_392.wav,1
dataset/train/yweweler_393.wav,1
dataset/train/yweweler_394.wav,1
dataset/train/yweweler_395.wav,1
dataset/train/yweweler_396.wav,1
dataset/train/yweweler_397.wav,1
dataset/train/yweweler_398.wav,1
dataset/train/yweweler_399.wav,1
dataset/train/yweweler_400.wav,1
dataset/train/yweweler_401.wav,1
dataset/train/yweweler_402.wav,1
dataset/train/yweweler_403.wav,1
dataset/train/yweweler_404.wav,1
dataset/train/yweweler_405.wav,2
dataset/train/yweweler_406.wav,2
dataset/train/yweweler_407.wav,2
dataset/train/yweweler_408.wav,2
dataset/train/yweweler_409.wav,2
dataset/train/yweweler_410.wav,2
dataset/train/yweweler_411.wav,2
dataset/train/yweweler_412.wav,2
dataset/train/yweweler_413.wav,2
dataset/train/yweweler_414.wav,2
dataset/train/yweweler_415.wav,2
dataset/train/yweweler_416.wav,2
dataset/train/yweweler_417.wav,2
dataset/train/yweweler_418.wav,2
dataset/train/yweweler_419.wav,2
dataset/train/yweweler_420.wav,2
dataset/train/yweweler_421.wav,2
dataset/train/yweweler_422.wav,2
dataset/train/yweweler_423.wav,2
dataset/train/yweweler_424.wav,2
dataset/train/yweweler_425.wav,2
dataset/train/yweweler_426.wav,2
dataset/train/yweweler_427.wav,2
dataset/train/yweweler_428.wav,2
dataset/train/yweweler_429.wav,2
dataset/train/yweweler_430.wav,2
dataset/train/yweweler_431.wav,2
dataset/train/yweweler_432.wav,2
dataset/train/yweweler_433.wav,2
dataset/train/yweweler_434.wav,2
dataset/train/yweweler_435.wav,2
dataset/train/yweweler_436.wav,2
dataset/train/yweweler_437.wav,2
dataset/train/yweweler_438.wav,2
dataset/train/yweweler_439.wav,2
dataset/train/yweweler_440.wav,2
dataset/train/yweweler_441.wav,2
dataset/train/yweweler_442.wav,2
dataset/train/yweweler_443.wav,2
dataset/train/yweweler_444.wav,2
dataset/train/yweweler_445.wav,2
dataset/train/yweweler_446.wav,2
dataset/train/yweweler_447.wav,2
dataset/train/yweweler_448.wav,2
dataset/train/yweweler_449.wav,2
dataset/train/george_0.wav,6
dataset/train/george_1.wav,6
dataset/train/george_2.wav,6
dataset/train/george_3.wav,6
dataset/train/george_4.wav,6
dataset/train/george_5.wav,6
dataset/train/george_6.wav,6
dataset/train/george_7.wav,6
dataset/train/george_8.wav,6
dataset/train/george_9.wav,6
dataset/train/george_10.wav,6
dataset/train/george_11.wav,6
dataset/train/george_12.wav,6
dataset/train/george_13.wav,6
dataset/train/george_14.wav,6
dataset/train/george_15.wav,6
dataset/train/george_16.wav,6
dataset/train/george_17.wav,6
dataset/train/george_18.wav,6
dataset/train/george_19.wav,6
dataset/train/george_20.wav,6
dataset/train/george_21.wav,6
dataset/train/george_22.wav,6
dataset/train/george_23.wav,6
dataset/train/george_24.wav,6
dataset/train/george_25.wav,6
dataset/train/george_26.wav,6
dataset/train/george_27.wav,6
dataset/train/george_28.wav,6
dataset/train/george_29.wav,6
dataset/train/george_30.wav,6
dataset/train/george_31.wav,6
dataset/train/george_32.wav,6
dataset/train/george_33.wav,6
dataset/train/george_34.wav,6
dataset/train/george_35.wav,6
dataset/train/george_36.wav,6
dataset/train/george_37.wav,6
dataset/train/george_38.wav,6
dataset/train/george_39.wav,6
dataset/train/george_40.wav,6
dataset/train/george_41.wav,6
dataset/train/george_42.wav,6
dataset/train/george_43.wav,6
dataset/train/george_44.wav,6
dataset/train/george_45.wav,1
dataset/train/george_46.wav,1
dataset/train/george_47.wav,1
dataset/train/george_48.wav,1
dataset/train/george_49.wav,1
dataset/train/george_50.wav,1
dataset/train/george_51.wav,1
dataset/train/george_52.wav,1
dataset/train/george_53.wav,1
dataset/train/george_54.wav,1
dataset/train/george_55.wav,1
dataset/train/george_56.wav,1
dataset/train/george_57.wav,1
dataset/train/george_58.wav,1
dataset/train/george_59.wav,1
dataset/train/george_60.wav,1
dataset/train/george_61.wav,1
dataset/train/george_62.wav,1
dataset/train/george_63.wav,1
dataset/train/george_64.wav,1
dataset/train/george_65.wav,1
dataset/train/george_66.wav,1
dataset/train/george_67.wav,1
dataset/train/george_68.wav,1
dataset/train/george_69.wav,1
dataset/train/george_70.wav,1
dataset/train/george_71.wav,1
dataset/train/george_72.wav,1
dataset/train/george_73.wav,1
dataset/train/george_74.wav,1
dataset/train/george_75.wav,1
dataset/train/george_76.wav,1
dataset/train/george_77.wav,1
dataset/train/george_78.wav,1
dataset/train/george_79.wav,1
dataset/train/george_80.wav,1
dataset/train/george_81.wav,1
dataset/train/george_82.wav,1
dataset/train/george_83.wav,1
dataset/train/george_84.wav,1
dataset/train/george_85.wav,1
dataset/train/george_86.wav,1
dataset/train/george_87.wav,1
dataset/train/george_88.wav,1
dataset/train/george_89.wav,1
dataset/train/george_90.wav,3
dataset/train/george_91.wav,3
dataset/train/george_92.wav,3
dataset/train/george_93.wav,3
dataset/train/george_94.wav,3
dataset/train/george_95.wav,3
dataset/train/george_96.wav,3
dataset/train/george_97.wav,3
dataset/train/george_98.wav,3
dataset/train/george_99.wav,3
dataset/train/george_100.wav,3
dataset/train/george_101.wav,3
dataset/train/george_102.wav,3
dataset/train/george_103.wav,3
dataset/train/george_104.wav,3
dataset/train/george_105.wav,3
dataset/train/george_106.wav,3
dataset/train/george_107.wav,3
dataset/train/george_108.wav,3
dataset/train/george_109.wav,3
dataset/train/george_110.wav,3
dataset/train/george_111.wav,3
dataset/train/george_112.wav,3
dataset/train/george_113.wav,3
dataset/train/george_114.wav,3
dataset/train/george_115.wav,3
dataset/train/george_116.wav,3
dataset/train/george_117.wav,3
dataset/train/george_118.wav,3
dataset/train/george_119.wav,3
dataset/train/george_120.wav,3
dataset/train/george_121.wav,3
dataset/train/george_122.wav,3
dataset/train/george_123.wav,3
dataset/train/george_124.wav,3
dataset/train/george_125.wav,3
dataset/train/george_126.wav,3
dataset/train/george_127.wav,3
dataset/train/george_128.wav,3
dataset/train/george_129.wav,3
dataset/train/george_130.wav,3
dataset/train/george_131.wav,3
dataset/train/george_132.wav,3
dataset/train/george_133.wav,3
dataset/train/george_134.wav,3
dataset/train/george_135.wav,5
dataset/train/george_136.wav,5
dataset/train/george_137.wav,5
dataset/train/george_138.wav,5
dataset/train/george_139.wav,5
dataset/train/george_140.wav,5
dataset/train/george_141.wav,5
dataset/train/george_142.wav,5
dataset/train/george_143.wav,5
dataset/train/george_144.wav,5
dataset/train/george_145.wav,5
dataset/train/george_146.wav,5
dataset/train/george_147.wav,5
dataset/train/george_148.wav,5
dataset/train/george_149.wav,5
dataset/train/george_150.wav,5
dataset/train/george_151.wav,5
dataset/train/george_152.wav,5
dataset/train/george_153.wav,5
dataset/train/george_154.wav,5
dataset/train/george_155.wav,5
dataset/train/george_156.wav,5
dataset/train/george_157.wav,5
dataset/train/george_158.wav,5
dataset/train/george_159.wav,5
dataset/train/george_160.wav,5
dataset/train/george_161.wav,5
dataset/train/george_162.wav,5
dataset/train/george_163.wav,5
dataset/train/george_164.wav,5
dataset/train/george_165.wav,5
dataset/train/george_166.wav,5
dataset/train/george_167.wav,5
dataset/train/george_168.wav,5
dataset/train/george_169.wav,5
dataset/train/george_170.wav,5
dataset/train/george_171.wav,5
dataset/train/george_172.wav,5
dataset/train/george_173.wav,5
dataset/train/george_174.wav,5
dataset/train/george_175.wav,5
dataset/train/george_176.wav,5
dataset/train/george_177.wav,5
dataset/train/george_178.wav,5
dataset/train/george_179.wav,5
dataset/train/george_180.wav,0
dataset/train/george_181.wav,0
dataset/train/george_182.wav,0
dataset/train/george_183.wav,0
dataset/train/george_184.wav,0
dataset/train/george_185.wav,0
dataset/train/george_186.wav,0
dataset/train/george_187.wav,0
dataset/train/george_188.wav,0
dataset/train/george_189.wav,0
dataset/train/george_190.wav,0
dataset/train/george_191.wav,0
dataset/train/george_192.wav,0
dataset/train/george_193.wav,0
dataset/train/george_194.wav,0
dataset/train/george_195.wav,0
dataset/train/george_196.wav,0
dataset/train/george_197.wav,0
dataset/train/george_198.wav,0
dataset/train/george_199.wav,0
dataset/train/george_200.wav,0
dataset/train/george_201.wav,0
dataset/train/george_202.wav,0
dataset/train/george_203.wav,0
dataset/train/george_204.wav,0
dataset/train/george_205.wav,0
dataset/train/george_206.wav,0
dataset/train/george_207.wav,0
dataset/train/george_208.wav,0
dataset/train/george_209.wav,0
dataset/train/george_210.wav,0
dataset/train/george_211.wav,0
dataset/train/george_212.wav,0
dataset/train/george_213.wav,0
dataset/train/george_214.wav,0
dataset/train/george_215.wav,0
dataset/train/george_216.wav,0
dataset/train/george_217.wav,0
dataset/train/george_218.wav,0
dataset/train/george_219.wav,0
dataset/train/george_220.wav,0
dataset/train/george_221.wav,0
dataset/train/george_222.wav,0
dataset/train/george_223.wav,0
dataset/train/george_224.wav,0
dataset/train/george_225.wav,2
dataset/train/george_226.wav,2
dataset/train/george_227.wav,2
dataset/train/george_228.wav,2
dataset/train/george_229.wav,2
dataset/train/george_230.wav,2
dataset/train/george_231.wav,2
dataset/train/george_232.wav,2
dataset/train/george_233.wav,2
dataset/train/george_234.wav,2
dataset/train/george_235.wav,2
dataset/train/george_236.wav,2
dataset/train/george_237.wav,2
dataset/train/george_238.wav,2
dataset/train/george_239.wav,2
dataset/train/george_240.wav,2
dataset/train/george_241.wav,2
dataset/train/george_242.wav,2
dataset/train/george_243.wav,2
dataset/train/george_244.wav,2
dataset/train/george_245.wav,2
dataset/train/george_246.wav,2
dataset/train/george_247.wav,2
dataset/train/george_248.wav,2
dataset/train/george_249.wav,2
dataset/train/george_250.wav,2
dataset/train/george_251.wav,2
dataset/train/george_252.wav,2
dataset/train/george_253.wav,2
dataset/train/george_254.wav,2
dataset/train/george_255.wav,2
dataset/train/george_256.wav,2
dataset/train/george_257.wav,2
dataset/train/george_258.wav,2
dataset/train/george_259.wav,2
dataset/train/george_260.wav,2
dataset/train/george_261.wav,2
dataset/train/george_262.wav,2
dataset/train/george_263.wav,2
dataset/train/george_264.wav,2
dataset/train/george_265.wav,2
dataset/train/george_266.wav,2
dataset/train/george_267.wav,2
dataset/train/george_268.wav,2
dataset/train/george_269.wav,2
dataset/train/george_270.wav,9
dataset/train/george_271.wav,9
dataset/train/george_272.wav,9
dataset/train/george_273.wav,9
dataset/train/george_274.wav,9
dataset/train/george_275.wav,9
dataset/train/george_276.wav,9
dataset/train/george_277.wav,9
dataset/train/george_278.wav,9
dataset/train/george_279.wav,9
dataset/train/george_280.wav,9
dataset/train/george_281.wav,9
dataset/train/george_282.wav,9
dataset/train/george_283.wav,9
dataset/train/george_284.wav,9
dataset/train/george_285.wav,9
dataset/train/george_286.wav,9
dataset/train/george_287.wav,9
dataset/train/george_288.wav,9
dataset/train/george_289.wav,9
dataset/train/george_290.wav,9
dataset/train/george_291.wav,9
dataset/train/george_292.wav,9
dataset/train/george_293.wav,9
dataset/train/george_294.wav,9
dataset/train/george_295.wav,9
dataset/train/george_296.wav,9
dataset/train/george_297.wav,9
dataset/train/george_298.wav,9
dataset/train/george_299.wav,9
dataset/train/george_300.wav,9
dataset/train/george_301.wav,9
dataset/train/george_302.wav,9
dataset/train/george_303.wav,9
dataset/train/george_304.wav,9
dataset/train/george_305.wav,9
dataset/train/george_306.wav,9
dataset/train/george_307.wav,9
dataset/train/george_308.wav,9
dataset/train/george_309.wav,9
dataset/train/george_310.wav,9
dataset/train/george_311.wav,9
dataset/train/george_312.wav,9
dataset/train/george_313.wav,9
dataset/train/george_314.wav,9
dataset/train/george_315.wav,7
dataset/train/george_316.wav,7
dataset/train/george_317.wav,7
dataset/train/george_318.wav,7
dataset/train/george_319.wav,7
dataset/train/george_320.wav,7
dataset/train/george_321.wav,7
dataset/train/george_322.wav,7
dataset/train/george_323.wav,7
dataset/train/george_324.wav,7
dataset/train/george_325.wav,7
dataset/train/george_326.wav,7
dataset/train/george_327.wav,7
dataset/train/george_328.wav,7
dataset/train/george_329.wav,7
dataset/train/george_330.wav,7
dataset/train/george_331.wav,7
dataset/train/george_332.wav,7
dataset/train/george_333.wav,7
dataset/train/george_334.wav,7
dataset/train/george_335.wav,7
dataset/train/george_336.wav,7
dataset/train/george_337.wav,7
dataset/train/george_338.wav,7
dataset/train/george_339.wav,7
dataset/train/george_340.wav,7
dataset/train/george_341.wav,7
dataset/train/george_342.wav,7
dataset/train/george_343.wav,7
dataset/train/george_344.wav,7
dataset/train/george_345.wav,7
dataset/train/george_346.wav,7
dataset/train/george_347.wav,7
dataset/train/george_348.wav,7
dataset/train/george_349.wav,7
dataset/train/george_350.wav,7
dataset/train/george_351.wav,7
dataset/train/george_352.wav,7
dataset/train/george_353.wav,7
dataset/train/george_354.wav,7
dataset/train/george_355.wav,7
dataset/train/george_356.wav,7
dataset/train/george_357.wav,7
dataset/train/george_358.wav,7
dataset/train/george_359.wav,7
dataset/train/george_360.wav,4
dataset/train/george_361.wav,4
dataset/train/george_362.wav,4
dataset/train/george_363.wav,4
dataset/train/george_364.wav,4
dataset/train/george_365.wav,4
dataset/train/george_366.wav,4
dataset/train/george_367.wav,4
dataset/train/george_368.wav,4
dataset/train/george_369.wav,4
dataset/train/george_370.wav,4
dataset/train/george_371.wav,4
dataset/train/george_372.wav,4
dataset/train/george_373.wav,4
dataset/train/george_374.wav,4
dataset/train/george_375.wav,4
dataset/train/george_376.wav,4
dataset/train/george_377.wav,4
dataset/train/george_378.wav,4
dataset/train/george_379.wav,4
dataset/train/george_380.wav,4
dataset/train/george_381.wav,4
dataset/train/george_382.wav,4
dataset/train/george_383.wav,4
dataset/train/george_384.wav,4
dataset/train/george_385.wav,4
dataset/train/george_386.wav,4
dataset/train/george_387.wav,4
dataset/train/george_388.wav,4
dataset/train/george_389.wav,4
dataset/train/george_390.wav,4
dataset/train/george_391.wav,4
dataset/train/george_392.wav,4
dataset/train/george_393.wav,4
dataset/train/george_394.wav,4
dataset/train/george_395.wav,4
dataset/train/george_396.wav,4
dataset/train/george_397.wav,4
dataset/train/george_398.wav,4
dataset/train/george_399.wav,4
dataset/train/george_400.wav,4
dataset/train/george_401.wav,4
dataset/train/george_402.wav,4
dataset/train/george_403.wav,4
dataset/train/george_404.wav,4
dataset/train/george_405.wav,8
dataset/train/george_406.wav,8
dataset/train/george_407.wav,8
dataset/train/george_408.wav,8
dataset/train/george_409.wav,8
dataset/train/george_410.wav,8
dataset/train/george_411.wav,8
dataset/train/george_412.wav,8
dataset/train/george_413.wav,8
dataset/train/george_414.wav,8
dataset/train/george_415.wav,8
dataset/train/george_416.wav,8
dataset/train/george_417.wav,8
dataset/train/george_418.wav,8
dataset/train/george_419.wav,8
dataset/train/george_420.wav,8
dataset/train/george_421.wav,8
dataset/train/george_422.wav,8
dataset/train/george_423.wav,8
dataset/train/george_424.wav,8
dataset/train/george_425.wav,8
dataset/train/george_426.wav,8
dataset/train/george_427.wav,8
dataset/train/george_428.wav,8
dataset/train/george_429.wav,8
dataset/train/george_430.wav,8
dataset/train/george_431.wav,8
dataset/train/george_432.wav,8
dataset/train/george_433.wav,8
dataset/train/george_434.wav,8
dataset/train/george_435.wav,8
dataset/train/george_436.wav,8
dataset/train/george_437.wav,8
dataset/train/george_438.wav,8
dataset/train/george_439.wav,8
dataset/train/george_440.wav,8
dataset/train/george_441.wav,8
dataset/train/george_442.wav,8
dataset/train/george_443.wav,8
dataset/train/george_444.wav,8
dataset/train/george_445.wav,8
dataset/train/george_446.wav,8
dataset/train/george_447.wav,8
dataset/train/george_448.wav,8
dataset/train/george_449.wav,8
dataset/train/lucas_0.wav,7
dataset/train/lucas_1.wav,7
dataset/train/lucas_2.wav,7
dataset/train/lucas_3.wav,7
dataset/train/lucas_4.wav,7
dataset/train/lucas_5.wav,7
dataset/train/lucas_6.wav,7
dataset/train/lucas_7.wav,7
dataset/train/lucas_8.wav,7
dataset/train/lucas_9.wav,7
dataset/train/lucas_10.wav,7
dataset/train/lucas_11.wav,7
dataset/train/lucas_12.wav,7
dataset/train/lucas_13.wav,7
dataset/train/lucas_14.wav,7
dataset/train/lucas_15.wav,7
dataset/train/lucas_16.wav,7
dataset/train/lucas_17.wav,7
dataset/train/lucas_18.wav,7
dataset/train/lucas_19.wav,7
dataset/train/lucas_20.wav,7
dataset/train/lucas_21.wav,7
dataset/train/lucas_22.wav,7
dataset/train/lucas_23.wav,7
dataset/train/lucas_24.wav,7
dataset/train/lucas_25.wav,7
dataset/train/lucas_26.wav,7
dataset/train/lucas_27.wav,7
dataset/train/lucas_28.wav,7
dataset/train/lucas_29.wav,7
dataset/train/lucas_30.wav,7
dataset/train/lucas_31.wav,7
dataset/train/lucas_32.wav,7
dataset/train/lucas_33.wav,7
dataset/train/lucas_34.wav,7
dataset/train/lucas_35.wav,7
dataset/train/lucas_36.wav,7
dataset/train/lucas_37.wav,7
dataset/train/lucas_38.wav,7
dataset/train/lucas_39.wav,7
dataset/train/lucas_40.wav,7
dataset/train/lucas_41.wav,7
dataset/train/lucas_42.wav,7
dataset/train/lucas_43.wav,7
dataset/train/lucas_44.wav,7
dataset/train/lucas_45.wav,6
dataset/train/lucas_46.wav,6
dataset/train/lucas_47.wav,6
dataset/train/lucas_48.wav,6
dataset/train/lucas_49.wav,6
dataset/train/lucas_50.wav,6
dataset/train/lucas_51.wav,6
dataset/train/lucas_52.wav,6
dataset/train/lucas_53.wav,6
dataset/train/lucas_54.wav,6
dataset/train/lucas_55.wav,6
dataset/train/lucas_56.wav,6
dataset/train/lucas_57.wav,6
dataset/train/lucas_58.wav,6
dataset/train/lucas_59.wav,6
dataset/train/lucas_60.wav,6
dataset/train/lucas_61.wav,6
dataset/train/lucas_62.wav,6
dataset/train/lucas_63.wav,6
dataset/train/lucas_64.wav,6
dataset/train/lucas_65.wav,6
dataset/train/lucas_66.wav,6
dataset/train/lucas_67.wav,6
dataset/train/lucas_68.wav,6
dataset/train/lucas_69.wav,6
dataset/train/lucas_70.wav,6
dataset/train/lucas_71.wav,6
dataset/train/lucas_72.wav,6
dataset/train/lucas_73.wav,6
dataset/train/lucas_74.wav,6
dataset/train/lucas_75.wav,6
dataset/train/lucas_76.wav,6
dataset/train/lucas_77.wav,6
dataset/train/lucas_78.wav,6
dataset/train/lucas_79.wav,6
dataset/train/lucas_80.wav,6
dataset/train/lucas_81.wav,6
dataset/train/lucas_82.wav,6
dataset/train/lucas_83.wav,6
dataset/train/lucas_84.wav,6
dataset/train/lucas_85.wav,6
dataset/train/lucas_86.wav,6
dataset/train/lucas_87.wav,6
dataset/train/lucas_88.wav,6
dataset/train/lucas_89.wav,6
dataset/train/lucas_90.wav,9
dataset/train/lucas_91.wav,9
dataset/train/lucas_92.wav,9
dataset/train/lucas_93.wav,9
dataset/train/lucas_94.wav,9
dataset/train/lucas_95.wav,9
dataset/train/lucas_96.wav,9
dataset/train/lucas_97.wav,9
dataset/train/lucas_98.wav,9
dataset/train/lucas_99.wav,9
dataset/train/lucas_100.wav,9
dataset/train/lucas_101.wav,9
dataset/train/lucas_102.wav,9
dataset/train/lucas_103.wav,9
dataset/train/lucas_104.wav,9
dataset/train/lucas_105.wav,9
dataset/train/lucas_106.wav,9
dataset/train/lucas_107.wav,9
dataset/train/lucas_108.wav,9
dataset/train/lucas_109.wav,9
dataset/train/lucas_110.wav,9
dataset/train/lucas_111.wav,9
dataset/train/lucas_112.wav,9
dataset/train/lucas_113.wav,9
dataset/train/lucas_114.wav,9
dataset/train/lucas_115.wav,9
dataset/train/lucas_116.wav,9
dataset/train/lucas_117.wav,9
dataset/train/lucas_118.wav,9
dataset/train/lucas_119.wav,9
dataset/train/lucas_120.wav,9
dataset/train/lucas_121.wav,9
dataset/train/lucas_122.wav,9
dataset/train/lucas_123.wav,9
dataset/train/lucas_124.wav,9
dataset/train/lucas_125.wav,9
dataset/train/lucas_126.wav,9
dataset/train/lucas_127.wav,9
dataset/train/lucas_128.wav,9
dataset/train/lucas_129.wav,9
dataset/train/lucas_130.wav,9
dataset/train/lucas_131.wav,9
dataset/train/lucas_132.wav,9
dataset/train/lucas_133.wav,9
dataset/train/lucas_134.wav,9
dataset/train/lucas_135.wav,3
dataset/train/lucas_136.wav,3
dataset/train/lucas_137.wav,3
dataset/train/lucas_138.wav,3
dataset/train/lucas_139.wav,3
dataset/train/lucas_140.wav,3
dataset/train/lucas_141.wav,3
dataset/train/lucas_142.wav,3
dataset/train/lucas_143.wav,3
dataset/train/lucas_144.wav,3
dataset/train/lucas_145.wav,3
dataset/train/lucas_146.wav,3
dataset/train/lucas_147.wav,3
dataset/train/lucas_148.wav,3
dataset/train/lucas_149.wav,3
dataset/train/lucas_150.wav,3
dataset/train/lucas_151.wav,3
dataset/train/lucas_152.wav,3
dataset/train/lucas_153.wav,3
dataset/train/lucas_154.wav,3
dataset/train/lucas_155.wav,3
dataset/train/lucas_156.wav,3
dataset/train/lucas_157.wav,3
dataset/train/lucas_158.wav,3
dataset/train/lucas_159.wav,3
dataset/train/lucas_160.wav,3
dataset/train/lucas_161.wav,3
dataset/train/lucas_162.wav,3
dataset/train/lucas_163.wav,3
dataset/train/lucas_164.wav,3
dataset/train/lucas_165.wav,3
dataset/train/lucas_166.wav,3
dataset/train/lucas_167.wav,3
dataset/train/lucas_168.wav,3
dataset/train/lucas_169.wav,3
dataset/train/lucas_170.wav,3
dataset/train/lucas_171.wav,3
dataset/train/lucas_172.wav,3
dataset/train/lucas_173.wav,3
dataset/train/lucas_174.wav,3
dataset/train/lucas_175.wav,3
dataset/train/lucas_176.wav,3
dataset/train/lucas_177.wav,3
dataset/train/lucas_178.wav,3
dataset/train/lucas_179.wav,3
dataset/train/lucas_180.wav,5
dataset/train/lucas_181.wav,5
dataset/train/lucas_182.wav,5
dataset/train/lucas_183.wav,5
dataset/train/lucas_184.wav,5
dataset/train/lucas_185.wav,5
dataset/train/lucas_186.wav,5
dataset/train/lucas_187.wav,5
dataset/train/lucas_188.wav,5
dataset/train/lucas_189.wav,5
dataset/train/lucas_190.wav,5
dataset/train/lucas_191.wav,5
dataset/train/lucas_192.wav,5
dataset/train/lucas_193.wav,5
dataset/train/lucas_194.wav,5
dataset/train/lucas_195.wav,5
dataset/train/lucas_196.wav,5
dataset/train/lucas_197.wav,5
dataset/train/lucas_198.wav,5
dataset/train/lucas_199.wav,5
dataset/train/lucas_200.wav,5
dataset/train/lucas_201.wav,5
dataset/train/lucas_202.wav,5
dataset/train/lucas_203.wav,5
dataset/train/lucas_204.wav,5
dataset/train/lucas_205.wav,5
dataset/train/lucas_206.wav,5
dataset/train/lucas_207.wav,5
dataset/train/lucas_208.wav,5
dataset/train/lucas_209.wav,5
dataset/train/lucas_210.wav,5
dataset/train/lucas_211.wav,5
dataset/train/lucas_212.wav,5
dataset/train/lucas_213.wav,5
dataset/train/lucas_214.wav,5
dataset/train/lucas_215.wav,5
dataset/train/lucas_216.wav,5
dataset/train/lucas_217.wav,5
dataset/train/lucas_218.wav,5
dataset/train/lucas_219.wav,5
dataset/train/lucas_220.wav,5
dataset/train/lucas_221.wav,5
dataset/train/lucas_222.wav,5
dataset/train/lucas_223.wav,5
dataset/train/lucas_224.wav,5
dataset/train/lucas_225.wav,0
dataset/train/lucas_226.wav,0
dataset/train/lucas_227.wav,0
dataset/train/lucas_228.wav,0
dataset/train/lucas_229.wav,0
dataset/train/lucas_230.wav,0
dataset/train/lucas_231.wav,0
dataset/train/lucas_232.wav,0
dataset/train/lucas_233.wav,0
dataset/train/lucas_234.wav,0
dataset/train/lucas_235.wav,0
dataset/train/lucas_236.wav,0
dataset/train/lucas_237.wav,0
dataset/train/lucas_238.wav,0
dataset/train/lucas_239.wav,0
dataset/train/lucas_240.wav,0
dataset/train/lucas_241.wav,0
dataset/train/lucas_242.wav,0
dataset/train/lucas_243.wav,0
dataset/train/lucas_244.wav,0
dataset/train/lucas_245.wav,0
dataset/train/lucas_246.wav,0
dataset/train/lucas_247.wav,0
dataset/train/lucas_248.wav,0
dataset/train/lucas_249.wav,0
dataset/train/lucas_250.wav,0
dataset/train/lucas_251.wav,0
dataset/train/lucas_252.wav,0
dataset/train/lucas_253.wav,0
dataset/train/lucas_254.wav,0
dataset/train/lucas_255.wav,0
dataset/train/lucas_256.wav,0
dataset/train/lucas_257.wav,0
dataset/train/lucas_258.wav,0
dataset/train/lucas_259.wav,0
dataset/train/lucas_260.wav,0
dataset/train/lucas_261.wav,0
dataset/train/lucas_262.wav,0
dataset/train/lucas_263.wav,0
dataset/train/lucas_264.wav,0
dataset/train/lucas_265.wav,0
dataset/train/lucas_266.wav,0
dataset/train/lucas_267.wav,0
dataset/train/lucas_268.wav,0
dataset/train/lucas_269.wav,0
dataset/train/lucas_270.wav,2
dataset/train/lucas_271.wav,2
dataset/train/lucas_272.wav,2
dataset/train/lucas_273.wav,2
dataset/train/lucas_274.wav,2
dataset/train/lucas_275.wav,2
dataset/train/lucas_276.wav,2
dataset/train/lucas_277.wav,2
dataset/train/lucas_278.wav,2
dataset/train/lucas_279.wav,2
dataset/train/lucas_280.wav,2
dataset/train/lucas_281.wav,2
dataset/train/lucas_282.wav,2
dataset/train/lucas_283.wav,2
dataset/train/lucas_284.wav,2
dataset/train/lucas_285.wav,2
dataset/train/lucas_286.wav,2
dataset/train/lucas_287.wav,2
dataset/train/lucas_288.wav,2
dataset/train/lucas_289.wav,2
dataset/train/lucas_290.wav,2
dataset/train/lucas_291.wav,2
dataset/train/lucas_292.wav,2
dataset/train/lucas_293.wav,2
dataset/train/lucas_294.wav,2
dataset/train/lucas_295.wav,2
dataset/train/lucas_296.wav,2
dataset/train/lucas_297.wav,2
dataset/train/lucas_298.wav,2
dataset/train/lucas_299.wav,2
dataset/train/lucas_300.wav,2
dataset/train/lucas_301.wav,2
dataset/train/lucas_302.wav,2
dataset/train/lucas_303.wav,2
dataset/train/lucas_304.wav,2
dataset/train/lucas_305.wav,2
dataset/train/lucas_306.wav,2
dataset/train/lucas_307.wav,2
dataset/train/lucas_308.wav,2
dataset/train/lucas_309.wav,2
dataset/train/lucas_310.wav,2
dataset/train/lucas_311.wav,2
dataset/train/lucas_312.wav,2
dataset/train/lucas_313.wav,2
dataset/train/lucas_314.wav,2
dataset/train/lucas_315.wav,1
dataset/train/lucas_316.wav,1
dataset/train/lucas_317.wav,1
dataset/train/lucas_318.wav,1
dataset/train/lucas_319.wav,1
dataset/train/lucas_320.wav,1
dataset/train/lucas_321.wav,1
dataset/train/lucas_322.wav,1
dataset/train/lucas_323.wav,1
dataset/train/lucas_324.wav,1
dataset/train/lucas_325.wav,1
dataset/train/lucas_326.wav,1
dataset/train/lucas_327.wav,1
dataset/train/lucas_328.wav,1
dataset/train/lucas_329.wav,1
dataset/train/lucas_330.wav,1
dataset/train/lucas_331.wav,1
dataset/train/lucas_332.wav,1
dataset/train/lucas_333.wav,1
dataset/train/lucas_334.wav,1
dataset/train/lucas_335.wav,1
dataset/train/lucas_336.wav,1
dataset/train/lucas_337.wav,1
dataset/train/lucas_338.wav,1
dataset/train/lucas_339.wav,1
dataset/train/lucas_340.wav,1
dataset/train/lucas_341.wav,1
dataset/train/lucas_342.wav,1
dataset/train/lucas_343.wav,1
dataset/train/lucas_344.wav,1
dataset/train/lucas_345.wav,1
dataset/train/lucas_346.wav,1
dataset/train/lucas_347.wav,1
dataset/train/lucas_348.wav,1
dataset/train/lucas_349.wav,1
dataset/train/lucas_350.wav,1
dataset/train/lucas_351.wav,1
dataset/train/lucas_352.wav,1
dataset/train/lucas_353.wav,1
dataset/train/lucas_354.wav,1
dataset/train/lucas_355.wav,1
dataset/train/lucas_356.wav,1
dataset/train/lucas_357.wav,1
dataset/train/lucas_358.wav,1
dataset/train/lucas_359.wav,1
dataset/train/lucas_360.wav,4
dataset/train/lucas_361.wav,4
dataset/train/lucas_362.wav,4
dataset/train/lucas_363.wav,4
dataset/train/lucas_364.wav,4
dataset/train/lucas_365.wav,4
dataset/train/lucas_366.wav,4
dataset/train/lucas_367.wav,4
dataset/train/lucas_368.wav,4
dataset/train/lucas_369.wav,4
dataset/train/lucas_370.wav,4
dataset/train/lucas_371.wav,4
dataset/train/lucas_372.wav,4
dataset/train/lucas_373.wav,4
dataset/train/lucas_374.wav,4
dataset/train/lucas_375.wav,4
dataset/train/lucas_376.wav,4
dataset/train/lucas_377.wav,4
dataset/train/lucas_378.wav,4
dataset/train/lucas_379.wav,4
dataset/train/lucas_380.wav,4
dataset/train/lucas_381.wav,4
dataset/train/lucas_382.wav,4
dataset/train/lucas_383.wav,4
dataset/train/lucas_384.wav,4
dataset/train/lucas_385.wav,4
dataset/train/lucas_386.wav,4
dataset/train/lucas_387.wav,4
dataset/train/lucas_388.wav,4
dataset/train/lucas_389.wav,4
dataset/train/lucas_390.wav,4
dataset/train/lucas_391.wav,4
dataset/train/lucas_392.wav,4
dataset/train/lucas_393.wav,4
dataset/train/lucas_394.wav,4
dataset/train/lucas_395.wav,4
dataset/train/lucas_396.wav,4
dataset/train/lucas_397.wav,4
dataset/train/lucas_398.wav,4
dataset/train/lucas_399.wav,4
dataset/train/lucas_400.wav,4
dataset/train/lucas_401.wav,4
dataset/train/lucas_402.wav,4
dataset/train/lucas_403.wav,4
dataset/train/lucas_404.wav,4
dataset/train/lucas_405.wav,8
dataset/train/lucas_406.wav,8
dataset/train/lucas_407.wav,8
dataset/train/lucas_408.wav,8
dataset/train/lucas_409.wav,8
dataset/train/lucas_410.wav,8
dataset/train/lucas_411.wav,8
dataset/train/lucas_412.wav,8
dataset/train/lucas_413.wav,8
dataset/train/lucas_414.wav,8
dataset/train/lucas_415.wav,8
dataset/train/lucas_416.wav,8
dataset/train/lucas_417.wav,8
dataset/train/lucas_418.wav,8
dataset/train/lucas_419.wav,8
dataset/train/lucas_420.wav,8
dataset/train/lucas_421.wav,8
dataset/train/lucas_422.wav,8
dataset/train/lucas_423.wav,8
dataset/train/lucas_424.wav,8
dataset/train/lucas_425.wav,8
dataset/train/lucas_426.wav,8
dataset/train/lucas_427.wav,8
dataset/train/lucas_428.wav,8
dataset/train/lucas_429.wav,8
dataset/train/lucas_430.wav,8
dataset/train/lucas_431.wav,8
dataset/train/lucas_432.wav,8
dataset/train/lucas_433.wav,8
dataset/train/lucas_434.wav,8
dataset/train/lucas_435.wav,8
dataset/train/lucas_436.wav,8
dataset/train/lucas_437.wav,8
dataset/train/lucas_438.wav,8
dataset/train/lucas_439.wav,8
dataset/train/lucas_440.wav,8
dataset/train/lucas_441.wav,8
dataset/train/lucas_442.wav,8
dataset/train/lucas_443.wav,8
dataset/train/lucas_444.wav,8
dataset/train/lucas_445.wav,8
dataset/train/lucas_446.wav,8
dataset/train/lucas_447.wav,8
dataset/train/lucas_448.wav,8
dataset/train/lucas_449.wav,8
